Dimension,Function,Control,Competitor,median_control,median_competitor,p_signedrank,p_mannwhitney,A12,A12_magnitude,p_holm_cell,p_holm_family,outcome
30,Ackley,TEMOA_V11,DE,1.4210854715202004e-14,7.105427357601002e-15,1.0,8.280562833086202e-05,0.04166666666666663,large,1.0,1.0,=
30,Ackley,TEMOA_V11,LSHADE,1.4210854715202004e-14,3.799627279477136e-12,1.0,2.5825125072165123e-05,1.0,large,1.0,1.0,=
30,Ackley,TEMOA_V11,TEMOA_V10,1.4210854715202004e-14,7.105427357601002e-15,1.0,0.00274156071587377,0.16666666666666663,large,1.0,1.0,=
30,Ackley,TEMOA_V11,jSO,1.4210854715202004e-14,4.689582056016661e-13,1.0,2.5825125072165123e-05,1.0,large,1.0,1.0,=
30,BentCigar,TEMOA_V11,DE,37.013935740287906,1492.983580074434,0.0048828125,0.0007314819918142256,0.9097222222222222,large,0.01953125,0.1513671875,+
30,BentCigar,TEMOA_V11,LSHADE,37.013935740287906,30.51202631589997,0.33935546875,0.3708443333042212,0.38888888888888884,small,0.6787109375,1.0,=
30,BentCigar,TEMOA_V11,TEMOA_V10,37.013935740287906,2.4599931821606487,0.20361328125,0.040404119588223694,0.25,large,0.61083984375,1.0,=
30,BentCigar,TEMOA_V11,jSO,37.013935740287906,79.92261814649542,0.791015625,0.7950121719642381,0.5347222222222222,negligible,0.791015625,1.0,=
30,Composition,TEMOA_V11,DE,7.105427357601166e-15,2.6645352591004136e-15,1.0,0.004983537219586188,0.1597222222222222,large,1.0,1.0,=
30,Composition,TEMOA_V11,LSHADE,7.105427357601166e-15,2.815525590479136e-12,1.0,3.6584553538971e-05,1.0,large,1.0,1.0,=
30,Composition,TEMOA_V11,TEMOA_V10,7.105427357601166e-15,0.0,1.0,0.0001266866509238887,0.04166666666666663,large,1.0,1.0,=
30,Composition,TEMOA_V11,jSO,7.105427357601166e-15,3.081979116362997e-13,1.0,3.6584553538971e-05,1.0,large,1.0,1.0,=
30,DynamicSphere,TEMOA_V11,DE,1140.6339180630844,480.9640322535664,0.00048828125,3.6584553538971e-05,0.0,large,0.00537109375,0.064453125,-
30,DynamicSphere,TEMOA_V11,LSHADE,1140.6339180630844,2917.456105258784,0.00048828125,3.6584553538971e-05,1.0,large,0.00537109375,0.064453125,+
30,DynamicSphere,TEMOA_V11,TEMOA_V10,1140.6339180630844,685.1225630861263,0.00048828125,3.6584553538971e-05,0.0,large,0.00537109375,0.064453125,-
30,DynamicSphere,TEMOA_V11,jSO,1140.6339180630844,2477.97483748371,0.00048828125,3.6584553538971e-05,1.0,large,0.00537109375,0.064453125,+
30,Griewank,TEMOA_V11,DE,0.0,0.0,1.0,1.0,0.4965277777777778,negligible,1.0,1.0,=
30,Griewank,TEMOA_V11,LSHADE,0.0,5.551115123125783e-17,0.46875,0.056565551669227034,0.6875,medium,1.0,1.0,=
30,Griewank,TEMOA_V11,TEMOA_V10,0.0,0.0,1.0,1.0,0.5034722222222222,negligible,1.0,1.0,=
30,Griewank,TEMOA_V11,jSO,0.0,1.1102230246251565e-16,0.1484375,0.010724437603060149,0.7638888888888888,large,0.59375,1.0,=
30,Levy,TEMOA_V11,DE,1.9708010990048e-22,0.08952825041731648,0.00048828125,3.6584553538971e-05,1.0,large,0.00537109375,0.064453125,+
30,Levy,TEMOA_V11,LSHADE,1.9708010990048e-22,3.971827415665e-21,1.0,0.007259954988190575,0.8263888888888888,large,1.0,1.0,=
30,Levy,TEMOA_V11,TEMOA_V10,1.9708010990048e-22,0.04476412520822046,0.17626953125,1.0,0.5,negligible,0.52880859375,1.0,=
30,Levy,TEMOA_V11,jSO,1.9708010990048e-22,3.911384284413644e-21,1.0,0.0001961614737065427,0.9513888888888888,large,1.0,1.0,=
30,NoisyRastrigin,TEMOA_V11,DE,20.31056411261038,182.76023183908003,0.00048828125,3.6584553538971e-05,1.0,large,0.00537109375,0.064453125,+
30,NoisyRastrigin,TEMOA_V11,LSHADE,20.31056411261038,21.81327567909147,0.10986328125,0.23658409332187613,0.6458333333333333,medium,0.2197265625,1.0,=
30,NoisyRastrigin,TEMOA_V11,TEMOA_V10,20.31056411261038,31.35183802312037,0.0009765625,0.0007314819918142256,0.9097222222222222,large,0.00537109375,0.064453125,+
30,NoisyRastrigin,TEMOA_V11,jSO,20.31056411261038,21.819615014069264,0.423828125,0.3407786135629546,0.6180555555555556,small,0.423828125,1.0,=
30,NoisySphere,TEMOA_V11,DE,0.01058268472311616,0.01709327809041474,0.0009765625,0.0009009355963600168,0.9027777777777778,large,0.00537109375,0.064453125,+
30,NoisySphere,TEMOA_V11,LSHADE,0.01058268472311616,0.014375808826473484,0.01220703125,0.003549838634913565,0.8541666666666666,large,0.03662109375,0.341796875,+
30,NoisySphere,TEMOA_V11,TEMOA_V10,0.01058268472311616,0.011084101885688903,0.5185546875,0.5833604667027033,0.5694444444444444,small,1.0,1.0,=
30,NoisySphere,TEMOA_V11,jSO,0.01058268472311616,0.010726696660570703,0.9697265625,0.7508318840891169,0.45833333333333337,negligible,1.0,1.0,=
30,Rosenbrock,TEMOA_V11,DE,14.054408972885554,28.264413384837223,0.00048828125,3.6584553538971e-05,1.0,large,0.00537109375,0.064453125,+
30,Rosenbrock,TEMOA_V11,LSHADE,14.054408972885554,18.273869412717147,0.00048828125,3.6584553538971e-05,1.0,large,0.00537109375,0.064453125,+
30,Rosenbrock,TEMOA_V11,TEMOA_V10,14.054408972885554,12.973698895149141,0.4697265625,0.2602362026171888,0.36111111111111116,medium,0.4697265625,1.0,=
30,Rosenbrock,TEMOA_V11,jSO,14.054408972885554,17.880640943188922,0.00048828125,3.6584553538971e-05,1.0,large,0.00537109375,0.064453125,+
30,RotatedElliptic,TEMOA_V11,DE,26.747149520459985,3355560.3253353722,0.00048828125,3.6584553538971e-05,1.0,large,0.00537109375,0.064453125,+
30,RotatedElliptic,TEMOA_V11,LSHADE,26.747149520459985,1840.3996125987944,0.00244140625,0.005107905424995494,0.8402777777777778,large,0.00537109375,0.0830078125,+
30,RotatedElliptic,TEMOA_V11,TEMOA_V10,26.747149520459985,23465.424515322426,0.00048828125,3.6584553538971e-05,1.0,large,0.00537109375,0.064453125,+
30,RotatedElliptic,TEMOA_V11,jSO,26.747149520459985,547.0526978380627,0.10986328125,0.008615558118820473,0.8194444444444444,large,0.10986328125,1.0,=
30,Schwefel,TEMOA_V11,DE,118.44330184139835,1925.8304799245298,0.00048828125,3.6584553538971e-05,1.0,large,0.00537109375,0.064453125,+
30,Schwefel,TEMOA_V11,LSHADE,118.44330184139835,0.030835542407658068,0.00048828125,0.00024620623282277246,0.05555555555555558,large,0.00537109375,0.064453125,-
30,Schwefel,TEMOA_V11,TEMOA_V10,118.44330184139835,2398.3898823458912,0.00048828125,3.6584553538971e-05,1.0,large,0.00537109375,0.064453125,+
30,Schwefel,TEMOA_V11,jSO,118.44330184139835,5.428597936582264,0.0068359375,0.03508911609404786,0.24305555555555558,large,0.0068359375,0.205078125,-
30,Zakharov,TEMOA_V11,DE,6.732016555518627e-15,0.027331691653197765,0.00048828125,3.6584553538971e-05,1.0,large,0.00537109375,0.064453125,+
30,Zakharov,TEMOA_V11,LSHADE,6.732016555518627e-15,2.660281642169724e-10,1.0,3.6584553538971e-05,1.0,large,1.0,1.0,=
30,Zakharov,TEMOA_V11,TEMOA_V10,6.732016555518627e-15,2.280783543777306e-20,1.0,3.6584553538971e-05,0.0,large,1.0,1.0,=
30,Zakharov,TEMOA_V11,jSO,6.732016555518627e-15,1.226719003614704e-10,1.0,3.6584553538971e-05,1.0,large,1.0,1.0,=
