Alg,Function,Dim,Run,Best
ENS pop6 (yangi),Ackley,30,0,7.549516567451064e-15
ENS pop6 (yangi),Ackley,30,1,7.549516567451064e-15
ENS pop6 (yangi),Ackley,30,2,7.549516567451064e-15
ENS pop6 (yangi),Ackley,30,3,7.549516567451064e-15
ENS pop6 (yangi),Ackley,30,4,7.549516567451064e-15
ENS pop6 (yangi),Ackley,30,5,7.549516567451064e-15
ENS pop6 (yangi),Ackley,30,6,7.549516567451064e-15
ENS pop6 (yangi),Ackley,30,7,7.549516567451064e-15
ENS pop6 (yangi),Ackley,30,8,7.549516567451064e-15
ENS pop6 (yangi),Ackley,30,9,7.549516567451064e-15
ENS pop6 (yangi),Ackley,30,10,1.1102230246251565e-14
ENS pop6 (yangi),Ackley,30,11,7.549516567451064e-15
ENS pop6 (yangi),Ackley,30,12,7.549516567451064e-15
ENS pop6 (yangi),Ackley,30,13,7.549516567451064e-15
ENS pop6 (yangi),Ackley,30,14,7.549516567451064e-15
ENS pop6 (yangi),BentCigar,30,0,2.0194839173657902e-22
ENS pop6 (yangi),BentCigar,30,1,5.0487097934144756e-23
ENS pop6 (yangi),BentCigar,30,2,0.0
ENS pop6 (yangi),BentCigar,30,3,5.0487097934144756e-23
ENS pop6 (yangi),BentCigar,30,4,1.2621774483536189e-23
ENS pop6 (yangi),BentCigar,30,5,6.310887241768094e-23
ENS pop6 (yangi),BentCigar,30,6,1.0097419586828951e-22
ENS pop6 (yangi),BentCigar,30,7,7.573064690121713e-23
ENS pop6 (yangi),BentCigar,30,8,0.0
ENS pop6 (yangi),BentCigar,30,9,1.2621774483536189e-23
ENS pop6 (yangi),BentCigar,30,10,1.0097419586828951e-22
ENS pop6 (yangi),BentCigar,30,11,1.2621774483536189e-23
ENS pop6 (yangi),BentCigar,30,12,5.0487097934144756e-23
ENS pop6 (yangi),BentCigar,30,13,0.0
ENS pop6 (yangi),BentCigar,30,14,1.0412963948917356e-22
ENS pop6 (yangi),Composition,30,0,1.998401444325288e-15
ENS pop6 (yangi),Composition,30,1,2.220446049250313e-16
ENS pop6 (yangi),Composition,30,2,1.998401444325307e-15
ENS pop6 (yangi),Composition,30,3,1.998401444325288e-15
ENS pop6 (yangi),Composition,30,4,2.220446049250313e-16
ENS pop6 (yangi),Composition,30,5,2.220446049250313e-16
ENS pop6 (yangi),Composition,30,6,1.998401444325307e-15
ENS pop6 (yangi),Composition,30,7,1.998401444325307e-15
ENS pop6 (yangi),Composition,30,8,1.998401444325288e-15
ENS pop6 (yangi),Composition,30,9,1.998401444325307e-15
ENS pop6 (yangi),Composition,30,10,3.774758283725564e-15
ENS pop6 (yangi),Composition,30,11,1.998401444325307e-15
ENS pop6 (yangi),Composition,30,12,5.551115123125884e-15
ENS pop6 (yangi),Composition,30,13,1.998401444325307e-15
ENS pop6 (yangi),Composition,30,14,1.998401444325288e-15
ENS pop6 (yangi),DynamicSphere,30,0,0.08311982916001986
ENS pop6 (yangi),DynamicSphere,30,1,0.06744307275453218
ENS pop6 (yangi),DynamicSphere,30,2,0.09786761800848694
ENS pop6 (yangi),DynamicSphere,30,3,0.07635387387533424
ENS pop6 (yangi),DynamicSphere,30,4,0.07490232979965349
ENS pop6 (yangi),DynamicSphere,30,5,0.07047880374663686
ENS pop6 (yangi),DynamicSphere,30,6,0.08369517147542149
ENS pop6 (yangi),DynamicSphere,30,7,0.06818083977247763
ENS pop6 (yangi),DynamicSphere,30,8,0.09832636258485294
ENS pop6 (yangi),DynamicSphere,30,9,0.08066037511889823
ENS pop6 (yangi),DynamicSphere,30,10,0.07068462748791796
ENS pop6 (yangi),DynamicSphere,30,11,0.11540697591369337
ENS pop6 (yangi),DynamicSphere,30,12,0.08046499304750585
ENS pop6 (yangi),DynamicSphere,30,13,0.07994509874721374
ENS pop6 (yangi),DynamicSphere,30,14,0.11640755483341611
ENS pop6 (yangi),Griewank,30,0,0.0
ENS pop6 (yangi),Griewank,30,1,0.0
ENS pop6 (yangi),Griewank,30,2,0.0
ENS pop6 (yangi),Griewank,30,3,0.0
ENS pop6 (yangi),Griewank,30,4,0.00985728460782076
ENS pop6 (yangi),Griewank,30,5,0.0
ENS pop6 (yangi),Griewank,30,6,0.0
ENS pop6 (yangi),Griewank,30,7,0.0
ENS pop6 (yangi),Griewank,30,8,0.0
ENS pop6 (yangi),Griewank,30,9,0.0
ENS pop6 (yangi),Griewank,30,10,0.0
ENS pop6 (yangi),Griewank,30,11,0.0
ENS pop6 (yangi),Griewank,30,12,0.0
ENS pop6 (yangi),Griewank,30,13,0.0
ENS pop6 (yangi),Griewank,30,14,0.0
ENS pop6 (yangi),Levy,30,0,2.0523756775742578e-30
ENS pop6 (yangi),Levy,30,1,0.17905650083288185
ENS pop6 (yangi),Levy,30,2,4.134085529668223e-31
ENS pop6 (yangi),Levy,30,3,1.146003366116696e-31
ENS pop6 (yangi),Levy,30,4,8.118195081070268e-31
ENS pop6 (yangi),Levy,30,5,4.134085529668231e-31
ENS pop6 (yangi),Levy,30,6,1.4997597826618576e-32
ENS pop6 (yangi),Levy,30,7,1.4997597826618576e-32
ENS pop6 (yangi),Levy,30,8,4.134085529668223e-31
ENS pop6 (yangi),Levy,30,9,8.11819508107026e-31
ENS pop6 (yangi),Levy,30,10,1.6086414183874387e-30
ENS pop6 (yangi),Levy,30,11,4.134085529668223e-31
ENS pop6 (yangi),Levy,30,12,5.130112917518733e-31
ENS pop6 (yangi),Levy,30,13,8.118195081070268e-31
ENS pop6 (yangi),Levy,30,14,1.146003366116696e-31
ENS pop6 (yangi),NoisyRastrigin,30,0,0.11338689052088746
ENS pop6 (yangi),NoisyRastrigin,30,1,0.17834841077609198
ENS pop6 (yangi),NoisyRastrigin,30,2,0.188170280213102
ENS pop6 (yangi),NoisyRastrigin,30,3,0.1861372077833039
ENS pop6 (yangi),NoisyRastrigin,30,4,0.078968625651477
ENS pop6 (yangi),NoisyRastrigin,30,5,0.15255070147928151
ENS pop6 (yangi),NoisyRastrigin,30,6,0.12165540399248975
ENS pop6 (yangi),NoisyRastrigin,30,7,0.14154848721107527
ENS pop6 (yangi),NoisyRastrigin,30,8,0.22107971194367337
ENS pop6 (yangi),NoisyRastrigin,30,9,0.21307505583588338
ENS pop6 (yangi),NoisyRastrigin,30,10,0.18098377570584567
ENS pop6 (yangi),NoisyRastrigin,30,11,0.08418283238598612
ENS pop6 (yangi),NoisyRastrigin,30,12,0.19752882891248902
ENS pop6 (yangi),NoisyRastrigin,30,13,0.12909192383580148
ENS pop6 (yangi),NoisyRastrigin,30,14,0.15417043017790277
ENS pop6 (yangi),NoisySphere,30,0,0.015557208764651347
ENS pop6 (yangi),NoisySphere,30,1,0.007417939869068829
ENS pop6 (yangi),NoisySphere,30,2,0.017288304186261462
ENS pop6 (yangi),NoisySphere,30,3,0.006555586288780988
ENS pop6 (yangi),NoisySphere,30,4,0.013203968127447606
ENS pop6 (yangi),NoisySphere,30,5,0.01863255685076405
ENS pop6 (yangi),NoisySphere,30,6,0.007970928085038801
ENS pop6 (yangi),NoisySphere,30,7,0.009932586140480875
ENS pop6 (yangi),NoisySphere,30,8,0.011691822886881439
ENS pop6 (yangi),NoisySphere,30,9,0.008472171184448053
ENS pop6 (yangi),NoisySphere,30,10,0.007712768598604755
ENS pop6 (yangi),NoisySphere,30,11,0.010397007850965844
ENS pop6 (yangi),NoisySphere,30,12,0.00735291293825435
ENS pop6 (yangi),NoisySphere,30,13,0.013828425726797685
ENS pop6 (yangi),NoisySphere,30,14,0.013106651000988345
ENS pop6 (yangi),Rosenbrock,30,0,1.0913580411592936
ENS pop6 (yangi),Rosenbrock,30,1,2.6441325966527858
ENS pop6 (yangi),Rosenbrock,30,2,3.4458266227368806
ENS pop6 (yangi),Rosenbrock,30,3,2.141561990003526
ENS pop6 (yangi),Rosenbrock,30,4,2.8223742245856993
ENS pop6 (yangi),Rosenbrock,30,5,1.0774692999717805
ENS pop6 (yangi),Rosenbrock,30,6,1.1961996175128995
ENS pop6 (yangi),Rosenbrock,30,7,3.504987750466843
ENS pop6 (yangi),Rosenbrock,30,8,0.9269460807775864
ENS pop6 (yangi),Rosenbrock,30,9,0.37707510704333447
ENS pop6 (yangi),Rosenbrock,30,10,0.9379617924533726
ENS pop6 (yangi),Rosenbrock,30,11,6.989560143655744
ENS pop6 (yangi),Rosenbrock,30,12,1.7078241949374426
ENS pop6 (yangi),Rosenbrock,30,13,2.236349884825105
ENS pop6 (yangi),Rosenbrock,30,14,2.4464166056020207
ENS pop6 (yangi),RotatedElliptic,30,0,6479.386462205222
ENS pop6 (yangi),RotatedElliptic,30,1,9060.73885841695
ENS pop6 (yangi),RotatedElliptic,30,2,2685.7548613741396
ENS pop6 (yangi),RotatedElliptic,30,3,222.15281252538983
ENS pop6 (yangi),RotatedElliptic,30,4,1482.0498469661022
ENS pop6 (yangi),RotatedElliptic,30,5,3372.253325327961
ENS pop6 (yangi),RotatedElliptic,30,6,3534.1033398159248
ENS pop6 (yangi),RotatedElliptic,30,7,3989.9206847404976
ENS pop6 (yangi),RotatedElliptic,30,8,248.09937773400964
ENS pop6 (yangi),RotatedElliptic,30,9,1430.2322265458074
ENS pop6 (yangi),RotatedElliptic,30,10,476.4214341679607
ENS pop6 (yangi),RotatedElliptic,30,11,2075.210263497216
ENS pop6 (yangi),RotatedElliptic,30,12,2702.7993787430705
ENS pop6 (yangi),RotatedElliptic,30,13,3238.9384848231043
ENS pop6 (yangi),RotatedElliptic,30,14,386.5271540239608
ENS pop6 (yangi),Schwefel,30,0,0.00038182698881428223
ENS pop6 (yangi),Schwefel,30,1,0.00038182698881428223
ENS pop6 (yangi),Schwefel,30,2,0.00038182698881428223
ENS pop6 (yangi),Schwefel,30,3,0.00038182698881428223
ENS pop6 (yangi),Schwefel,30,4,0.00038182698881428223
ENS pop6 (yangi),Schwefel,30,5,0.00038182698881428223
ENS pop6 (yangi),Schwefel,30,6,0.00038182698881428223
ENS pop6 (yangi),Schwefel,30,7,0.00038182698881428223
ENS pop6 (yangi),Schwefel,30,8,0.00038182698881428223
ENS pop6 (yangi),Schwefel,30,9,0.00038182698881428223
ENS pop6 (yangi),Schwefel,30,10,0.00038182698881428223
ENS pop6 (yangi),Schwefel,30,11,0.00038182698881428223
ENS pop6 (yangi),Schwefel,30,12,0.00038182698881428223
ENS pop6 (yangi),Schwefel,30,13,0.00038182698881428223
ENS pop6 (yangi),Schwefel,30,14,0.00038182698881428223
ENS pop6 (yangi),Zakharov,30,0,5.803825398714105e-16
ENS pop6 (yangi),Zakharov,30,1,2.1628408274487453e-17
ENS pop6 (yangi),Zakharov,30,2,2.995482764085094e-17
ENS pop6 (yangi),Zakharov,30,3,1.0275215061462645e-18
ENS pop6 (yangi),Zakharov,30,4,2.8572564304236713e-18
ENS pop6 (yangi),Zakharov,30,5,1.1718961287882743e-16
ENS pop6 (yangi),Zakharov,30,6,6.030871193213552e-18
ENS pop6 (yangi),Zakharov,30,7,8.578082140981271e-16
ENS pop6 (yangi),Zakharov,30,8,1.629919312497545e-17
ENS pop6 (yangi),Zakharov,30,9,1.3599281047697107e-16
ENS pop6 (yangi),Zakharov,30,10,7.657552383912272e-18
ENS pop6 (yangi),Zakharov,30,11,9.171066076879216e-18
ENS pop6 (yangi),Zakharov,30,12,2.1872131959315814e-16
ENS pop6 (yangi),Zakharov,30,13,2.044711248415853e-16
ENS pop6 (yangi),Zakharov,30,14,2.011528862861238e-17
ENS pop8,Ackley,30,0,7.549516567451064e-15
ENS pop8,Ackley,30,1,1.1102230246251565e-14
ENS pop8,Ackley,30,2,1.1102230246251565e-14
ENS pop8,Ackley,30,3,7.549516567451064e-15
ENS pop8,Ackley,30,4,1.1102230246251565e-14
ENS pop8,Ackley,30,5,1.4654943925052066e-14
ENS pop8,Ackley,30,6,1.1102230246251565e-14
ENS pop8,Ackley,30,7,1.1102230246251565e-14
ENS pop8,Ackley,30,8,1.1102230246251565e-14
ENS pop8,Ackley,30,9,7.549516567451064e-15
ENS pop8,Ackley,30,10,7.549516567451064e-15
ENS pop8,Ackley,30,11,1.1102230246251565e-14
ENS pop8,Ackley,30,12,7.549516567451064e-15
ENS pop8,Ackley,30,13,7.549516567451064e-15
ENS pop8,Ackley,30,14,1.1102230246251565e-14
ENS pop8,BentCigar,30,0,2.620932802305167e-22
ENS pop8,BentCigar,30,1,5.0487097934144756e-23
ENS pop8,BentCigar,30,2,1.0097430946425986e-22
ENS pop8,BentCigar,30,3,1.0734180732885027e-20
ENS pop8,BentCigar,30,4,1.6408762474655901e-22
ENS pop8,BentCigar,30,5,3.1881319413033643e-21
ENS pop8,BentCigar,30,6,3.2816625016791126e-22
ENS pop8,BentCigar,30,7,6.310887241768094e-23
ENS pop8,BentCigar,30,8,5.0487097934144756e-23
ENS pop8,BentCigar,30,9,2.524354896707238e-22
ENS pop8,BentCigar,30,10,5.73174374602264e-23
ENS pop8,BentCigar,30,11,6.334603871567021e-23
ENS pop8,BentCigar,30,12,4.0203191629321557e-25
ENS pop8,BentCigar,30,13,1.2621774483536189e-23
ENS pop8,BentCigar,30,14,1.0097419586828951e-22
ENS pop8,Composition,30,0,3.774758283725589e-15
ENS pop8,Composition,30,1,3.774758283725608e-15
ENS pop8,Composition,30,2,1.998401444325307e-15
ENS pop8,Composition,30,3,3.774758283725608e-15
ENS pop8,Composition,30,4,3.774758283725608e-15
ENS pop8,Composition,30,5,3.77475828372557e-15
ENS pop8,Composition,30,6,3.77475828372557e-15
ENS pop8,Composition,30,7,3.774758283725564e-15
ENS pop8,Composition,30,8,3.7747582837256024e-15
ENS pop8,Composition,30,9,1.998401444325307e-15
ENS pop8,Composition,30,10,2.220446049250313e-16
ENS pop8,Composition,30,11,1.998401444325307e-15
ENS pop8,Composition,30,12,1.9984014443253007e-15
ENS pop8,Composition,30,13,3.774758283725564e-15
ENS pop8,Composition,30,14,3.774758283725584e-15
ENS pop8,DynamicSphere,30,0,0.0665455202373763
ENS pop8,DynamicSphere,30,1,0.09172099230077736
ENS pop8,DynamicSphere,30,2,0.06988531691685558
ENS pop8,DynamicSphere,30,3,0.07498511623177344
ENS pop8,DynamicSphere,30,4,0.08635944657077256
ENS pop8,DynamicSphere,30,5,0.06203769595135482
ENS pop8,DynamicSphere,30,6,0.07545080238123178
ENS pop8,DynamicSphere,30,7,0.06931755157234332
ENS pop8,DynamicSphere,30,8,0.10218882011255825
ENS pop8,DynamicSphere,30,9,0.07319322714320249
ENS pop8,DynamicSphere,30,10,0.09953375495352568
ENS pop8,DynamicSphere,30,11,0.11437674665460572
ENS pop8,DynamicSphere,30,12,0.0956745899010369
ENS pop8,DynamicSphere,30,13,0.09625995088461697
ENS pop8,DynamicSphere,30,14,0.0954202127552916
ENS pop8,Griewank,30,0,0.0
ENS pop8,Griewank,30,1,0.0
ENS pop8,Griewank,30,2,0.0
ENS pop8,Griewank,30,3,0.0
ENS pop8,Griewank,30,4,0.0
ENS pop8,Griewank,30,5,0.0
ENS pop8,Griewank,30,6,0.0
ENS pop8,Griewank,30,7,0.0
ENS pop8,Griewank,30,8,0.0
ENS pop8,Griewank,30,9,0.0
ENS pop8,Griewank,30,10,0.0
ENS pop8,Griewank,30,11,0.0
ENS pop8,Griewank,30,12,0.0
ENS pop8,Griewank,30,13,0.0
ENS pop8,Griewank,30,14,0.0
ENS pop8,Levy,30,0,4.134085529668231e-31
ENS pop8,Levy,30,1,4.134085529668223e-31
ENS pop8,Levy,30,2,5.130112917518741e-31
ENS pop8,Levy,30,3,1.7082441571724855e-30
ENS pop8,Levy,30,4,1.4094359408173333e-30
ENS pop8,Levy,30,5,3.472806704797759e-30
ENS pop8,Levy,30,6,4.134085529668223e-31
ENS pop8,Levy,30,7,2.9527808291694117e-30
ENS pop8,Levy,30,8,8.118195081070268e-31
ENS pop8,Levy,30,9,2.106655112312694e-30
ENS pop8,Levy,30,10,1.4997597826618576e-32
ENS pop8,Levy,30,11,2.7042715450229958e-30
ENS pop8,Levy,30,12,3.3511917843096166e-30
ENS pop8,Levy,30,13,4.134085529668231e-31
ENS pop8,Levy,30,14,8.118195081070268e-31
ENS pop8,NoisyRastrigin,30,0,0.16616502984341786
ENS pop8,NoisyRastrigin,30,1,0.21920919995083743
ENS pop8,NoisyRastrigin,30,2,0.1871724929486014
ENS pop8,NoisyRastrigin,30,3,0.21378002874954127
ENS pop8,NoisyRastrigin,30,4,0.15027814485040558
ENS pop8,NoisyRastrigin,30,5,0.17580438724325376
ENS pop8,NoisyRastrigin,30,6,0.1936761963224427
ENS pop8,NoisyRastrigin,30,7,0.19955388322947876
ENS pop8,NoisyRastrigin,30,8,0.23741130512791742
ENS pop8,NoisyRastrigin,30,9,0.23461198770798397
ENS pop8,NoisyRastrigin,30,10,0.2091448580312587
ENS pop8,NoisyRastrigin,30,11,0.09533187365577511
ENS pop8,NoisyRastrigin,30,12,0.22280025664449887
ENS pop8,NoisyRastrigin,30,13,0.1859342232608796
ENS pop8,NoisyRastrigin,30,14,0.13750584127675758
ENS pop8,NoisySphere,30,0,0.0060229097501918955
ENS pop8,NoisySphere,30,1,0.010786826176745867
ENS pop8,NoisySphere,30,2,0.00799815256470009
ENS pop8,NoisySphere,30,3,0.010373642879185399
ENS pop8,NoisySphere,30,4,0.014475145914309186
ENS pop8,NoisySphere,30,5,0.011816915794548247
ENS pop8,NoisySphere,30,6,0.012084513161011156
ENS pop8,NoisySphere,30,7,0.008277018155161676
ENS pop8,NoisySphere,30,8,0.0167295329340017
ENS pop8,NoisySphere,30,9,0.012938297782500007
ENS pop8,NoisySphere,30,10,0.007803698686288225
ENS pop8,NoisySphere,30,11,0.006664246063142133
ENS pop8,NoisySphere,30,12,0.011821332486667764
ENS pop8,NoisySphere,30,13,0.008216278764302413
ENS pop8,NoisySphere,30,14,0.011206380668084315
ENS pop8,Rosenbrock,30,0,3.1804067896776713
ENS pop8,Rosenbrock,30,1,2.418690667307932
ENS pop8,Rosenbrock,30,2,6.15473620576583
ENS pop8,Rosenbrock,30,3,6.177452286109515
ENS pop8,Rosenbrock,30,4,4.06663853565495
ENS pop8,Rosenbrock,30,5,5.815554441112603
ENS pop8,Rosenbrock,30,6,5.365465910693192
ENS pop8,Rosenbrock,30,7,2.967390838773766
ENS pop8,Rosenbrock,30,8,4.047004117881648
ENS pop8,Rosenbrock,30,9,5.105412969039792
ENS pop8,Rosenbrock,30,10,3.8429546555464555
ENS pop8,Rosenbrock,30,11,4.727225062801172
ENS pop8,Rosenbrock,30,12,5.250160207064577
ENS pop8,Rosenbrock,30,13,4.498104711413351
ENS pop8,Rosenbrock,30,14,4.130224040752585
ENS pop8,RotatedElliptic,30,0,28.05414948112723
ENS pop8,RotatedElliptic,30,1,4.176812492629318
ENS pop8,RotatedElliptic,30,2,410.07063804196713
ENS pop8,RotatedElliptic,30,3,7.159241113187798
ENS pop8,RotatedElliptic,30,4,869.2293055211052
ENS pop8,RotatedElliptic,30,5,79.43000177524327
ENS pop8,RotatedElliptic,30,6,374.97605569604707
ENS pop8,RotatedElliptic,30,7,244.0581718262725
ENS pop8,RotatedElliptic,30,8,2989.549289636127
ENS pop8,RotatedElliptic,30,9,304.9460693021656
ENS pop8,RotatedElliptic,30,10,3048.6112294026702
ENS pop8,RotatedElliptic,30,11,510.86739590623364
ENS pop8,RotatedElliptic,30,12,40.52740148082111
ENS pop8,RotatedElliptic,30,13,300.9305014828247
ENS pop8,RotatedElliptic,30,14,463.9005530551354
ENS pop8,Schwefel,30,0,0.00038182698881428223
ENS pop8,Schwefel,30,1,0.00038182698881428223
ENS pop8,Schwefel,30,2,0.00038182698881428223
ENS pop8,Schwefel,30,3,0.00038182698881428223
ENS pop8,Schwefel,30,4,0.00038182698881428223
ENS pop8,Schwefel,30,5,0.00038182698881428223
ENS pop8,Schwefel,30,6,0.00038182698881428223
ENS pop8,Schwefel,30,7,0.00038182698881428223
ENS pop8,Schwefel,30,8,0.00038182698881428223
ENS pop8,Schwefel,30,9,0.00038182698881428223
ENS pop8,Schwefel,30,10,0.00038182698881428223
ENS pop8,Schwefel,30,11,0.00038182698881428223
ENS pop8,Schwefel,30,12,0.00038182698881428223
ENS pop8,Schwefel,30,13,0.00038182698881428223
ENS pop8,Schwefel,30,14,0.00038182698881428223
ENS pop8,Zakharov,30,0,6.962215339773901e-17
ENS pop8,Zakharov,30,1,1.1686666678592161e-17
ENS pop8,Zakharov,30,2,4.720565513872565e-16
ENS pop8,Zakharov,30,3,1.9310290689901497e-17
ENS pop8,Zakharov,30,4,1.3131709389404868e-16
ENS pop8,Zakharov,30,5,6.663933152363688e-17
ENS pop8,Zakharov,30,6,5.185360745024106e-16
ENS pop8,Zakharov,30,7,7.2776805940949e-17
ENS pop8,Zakharov,30,8,1.2451206918680372e-16
ENS pop8,Zakharov,30,9,9.896923948790745e-17
ENS pop8,Zakharov,30,10,6.856516887365299e-16
ENS pop8,Zakharov,30,11,1.22125631608367e-16
ENS pop8,Zakharov,30,12,9.151983366522608e-17
ENS pop8,Zakharov,30,13,1.2474351009592252e-17
ENS pop8,Zakharov,30,14,5.153963667267459e-17
ENS pop10,Ackley,30,0,1.1102230246251565e-14
ENS pop10,Ackley,30,1,1.1102230246251565e-14
ENS pop10,Ackley,30,2,1.1102230246251565e-14
ENS pop10,Ackley,30,3,7.549516567451064e-15
ENS pop10,Ackley,30,4,7.549516567451064e-15
ENS pop10,Ackley,30,5,7.549516567451064e-15
ENS pop10,Ackley,30,6,7.549516567451064e-15
ENS pop10,Ackley,30,7,7.549516567451064e-15
ENS pop10,Ackley,30,8,7.549516567451064e-15
ENS pop10,Ackley,30,9,7.549516567451064e-15
ENS pop10,Ackley,30,10,1.1102230246251565e-14
ENS pop10,Ackley,30,11,1.1102230246251565e-14
ENS pop10,Ackley,30,12,1.1102230246251565e-14
ENS pop10,Ackley,30,13,1.1102230246251565e-14
ENS pop10,Ackley,30,14,7.549516567451064e-15
ENS pop10,BentCigar,30,0,2.252820438948903e-19
ENS pop10,BentCigar,30,1,6.516484115191321e-22
ENS pop10,BentCigar,30,2,1.143187562676254e-21
ENS pop10,BentCigar,30,3,1.087717199483636e-18
ENS pop10,BentCigar,30,4,8.150830053754355e-20
ENS pop10,BentCigar,30,5,7.758226192792671e-20
ENS pop10,BentCigar,30,6,4.736830273672348e-20
ENS pop10,BentCigar,30,7,2.0865608674857137e-18
ENS pop10,BentCigar,30,8,1.596505028156521e-19
ENS pop10,BentCigar,30,9,1.1219901793948024e-19
ENS pop10,BentCigar,30,10,1.947482444417671e-20
ENS pop10,BentCigar,30,11,1.0431796207582087e-20
ENS pop10,BentCigar,30,12,3.3772789499955316e-20
ENS pop10,BentCigar,30,13,2.4544361737688804e-20
ENS pop10,BentCigar,30,14,1.844473990371666e-21
ENS pop10,Composition,30,0,7.327471962526248e-15
ENS pop10,Composition,30,1,7.327471962526218e-15
ENS pop10,Composition,30,2,3.77475828372556e-15
ENS pop10,Composition,30,3,7.327471962526246e-15
ENS pop10,Composition,30,4,5.551115123125905e-15
ENS pop10,Composition,30,5,9.103828801926604e-15
ENS pop10,Composition,30,6,7.32747196252628e-15
ENS pop10,Composition,30,7,9.103828801926536e-15
ENS pop10,Composition,30,8,7.327471962526245e-15
ENS pop10,Composition,30,9,3.774758283725599e-15
ENS pop10,Composition,30,10,7.327471962526256e-15
ENS pop10,Composition,30,11,9.103828801926574e-15
ENS pop10,Composition,30,12,7.327471962526243e-15
ENS pop10,Composition,30,13,1.0880185641326903e-14
ENS pop10,Composition,30,14,1.0880185641326892e-14
ENS pop10,DynamicSphere,30,0,0.4735271624102779
ENS pop10,DynamicSphere,30,1,0.10412292682347568
ENS pop10,DynamicSphere,30,2,0.13423524386930005
ENS pop10,DynamicSphere,30,3,0.08040511473363147
ENS pop10,DynamicSphere,30,4,0.07770007817727446
ENS pop10,DynamicSphere,30,5,0.09262071876046044
ENS pop10,DynamicSphere,30,6,0.4002513102354119
ENS pop10,DynamicSphere,30,7,0.07880881514886781
ENS pop10,DynamicSphere,30,8,0.06704792748683551
ENS pop10,DynamicSphere,30,9,0.1087929767722375
ENS pop10,DynamicSphere,30,10,0.11096149201073476
ENS pop10,DynamicSphere,30,11,0.1107148221026834
ENS pop10,DynamicSphere,30,12,0.11644792178131744
ENS pop10,DynamicSphere,30,13,0.08617420178168142
ENS pop10,DynamicSphere,30,14,0.12133743248836823
ENS pop10,Griewank,30,0,0.0
ENS pop10,Griewank,30,1,0.0
ENS pop10,Griewank,30,2,0.0
ENS pop10,Griewank,30,3,0.0
ENS pop10,Griewank,30,4,0.0
ENS pop10,Griewank,30,5,0.0
ENS pop10,Griewank,30,6,0.0
ENS pop10,Griewank,30,7,0.0
ENS pop10,Griewank,30,8,0.0
ENS pop10,Griewank,30,9,0.0
ENS pop10,Griewank,30,10,0.0
ENS pop10,Griewank,30,11,0.0
ENS pop10,Griewank,30,12,0.0
ENS pop10,Griewank,30,13,0.0
ENS pop10,Griewank,30,14,0.0
ENS pop10,Levy,30,0,2.9527808291694107e-30
ENS pop10,Levy,30,1,3.899504410443608e-30
ENS pop10,Levy,30,2,2.8491975878546618e-30
ENS pop10,Levy,30,3,3.871217659937964e-30
ENS pop10,Levy,30,4,2.65397261281426e-30
ENS pop10,Levy,30,5,4.0221144565641754e-30
ENS pop10,Levy,30,6,2.753575351599309e-30
ENS pop10,Levy,30,7,2.6026785549730956e-30
ENS pop10,Levy,30,8,6.707407901230856e-30
ENS pop10,Levy,30,9,3.959182706141926e-30
ENS pop10,Levy,30,10,3.401490716518353e-30
ENS pop10,Levy,30,11,3.001089510113299e-30
ENS pop10,Levy,30,12,3.299897726468454e-30
ENS pop10,Levy,30,13,3.202285238948251e-30
ENS pop10,Levy,30,14,4.247616433375079e-30
ENS pop10,NoisyRastrigin,30,0,0.23191964618137995
ENS pop10,NoisyRastrigin,30,1,0.19592721877207708
ENS pop10,NoisyRastrigin,30,2,0.23747326563879056
ENS pop10,NoisyRastrigin,30,3,0.3262193928878627
ENS pop10,NoisyRastrigin,30,4,0.23894277832496869
ENS pop10,NoisyRastrigin,30,5,0.28618252061360394
ENS pop10,NoisyRastrigin,30,6,0.2688103063435978
ENS pop10,NoisyRastrigin,30,7,0.24400630887786434
ENS pop10,NoisyRastrigin,30,8,0.3577423889839295
ENS pop10,NoisyRastrigin,30,9,0.15269579748319018
ENS pop10,NoisyRastrigin,30,10,0.16922226678693164
ENS pop10,NoisyRastrigin,30,11,0.33179069617226453
ENS pop10,NoisyRastrigin,30,12,0.2234213300710053
ENS pop10,NoisyRastrigin,30,13,0.2001759461030641
ENS pop10,NoisyRastrigin,30,14,0.29978220682661494
ENS pop10,NoisySphere,30,0,0.007427044671373389
ENS pop10,NoisySphere,30,1,0.01288947041095757
ENS pop10,NoisySphere,30,2,0.009132842427850608
ENS pop10,NoisySphere,30,3,0.008626864144327494
ENS pop10,NoisySphere,30,4,0.006801561089880896
ENS pop10,NoisySphere,30,5,0.007587474289724995
ENS pop10,NoisySphere,30,6,0.011282210944686361
ENS pop10,NoisySphere,30,7,0.011251700948613733
ENS pop10,NoisySphere,30,8,0.005826586038280861
ENS pop10,NoisySphere,30,9,0.013138164875258698
ENS pop10,NoisySphere,30,10,0.009712580443639037
ENS pop10,NoisySphere,30,11,0.013509161818235627
ENS pop10,NoisySphere,30,12,0.010612148010523672
ENS pop10,NoisySphere,30,13,0.011546779686399505
ENS pop10,NoisySphere,30,14,0.010875763106091195
ENS pop10,Rosenbrock,30,0,7.414166353965257
ENS pop10,Rosenbrock,30,1,5.698191896189856
ENS pop10,Rosenbrock,30,2,7.769812046552192
ENS pop10,Rosenbrock,30,3,6.744397864642871
ENS pop10,Rosenbrock,30,4,7.31029910110523
ENS pop10,Rosenbrock,30,5,7.778630450920205
ENS pop10,Rosenbrock,30,6,5.291069221028392
ENS pop10,Rosenbrock,30,7,6.812848659268968
ENS pop10,Rosenbrock,30,8,8.09598874045959
ENS pop10,Rosenbrock,30,9,5.690867400982923
ENS pop10,Rosenbrock,30,10,7.440640567907103
ENS pop10,Rosenbrock,30,11,8.92345493586632
ENS pop10,Rosenbrock,30,12,8.426645811992676
ENS pop10,Rosenbrock,30,13,8.273444297366515
ENS pop10,Rosenbrock,30,14,7.885704457164689
ENS pop10,RotatedElliptic,30,0,2.9860736217786683
ENS pop10,RotatedElliptic,30,1,32.61416504872265
ENS pop10,RotatedElliptic,30,2,1184.4863197379939
ENS pop10,RotatedElliptic,30,3,19.707955883993062
ENS pop10,RotatedElliptic,30,4,13.838471790957025
ENS pop10,RotatedElliptic,30,5,83.2624875345918
ENS pop10,RotatedElliptic,30,6,51.82118359530287
ENS pop10,RotatedElliptic,30,7,7.523547236509574
ENS pop10,RotatedElliptic,30,8,5.906582137804474
ENS pop10,RotatedElliptic,30,9,9.500440659712368
ENS pop10,RotatedElliptic,30,10,4.914206081094582
ENS pop10,RotatedElliptic,30,11,123.96047985210987
ENS pop10,RotatedElliptic,30,12,480.43380637756513
ENS pop10,RotatedElliptic,30,13,194.98565154105722
ENS pop10,RotatedElliptic,30,14,135.97335638083646
ENS pop10,Schwefel,30,0,0.00038182698881428223
ENS pop10,Schwefel,30,1,0.00038182698881428223
ENS pop10,Schwefel,30,2,0.00038182698881428223
ENS pop10,Schwefel,30,3,0.00038182698881428223
ENS pop10,Schwefel,30,4,0.00038182699245226104
ENS pop10,Schwefel,30,5,0.00038182698881428223
ENS pop10,Schwefel,30,6,0.00038182698881428223
ENS pop10,Schwefel,30,7,0.00038182698881428223
ENS pop10,Schwefel,30,8,0.00038182698881428223
ENS pop10,Schwefel,30,9,0.00038182698881428223
ENS pop10,Schwefel,30,10,0.00038182698881428223
ENS pop10,Schwefel,30,11,0.00038182698881428223
ENS pop10,Schwefel,30,12,0.00038182698881428223
ENS pop10,Schwefel,30,13,0.00038182698881428223
ENS pop10,Schwefel,30,14,0.00038182698881428223
ENS pop10,Zakharov,30,0,1.5616046444738176e-16
ENS pop10,Zakharov,30,1,1.9843444068395233e-16
ENS pop10,Zakharov,30,2,9.31312397253767e-16
ENS pop10,Zakharov,30,3,2.759555310219087e-15
ENS pop10,Zakharov,30,4,3.4510556559858005e-15
ENS pop10,Zakharov,30,5,6.228240258640772e-16
ENS pop10,Zakharov,30,6,2.8808465089769816e-15
ENS pop10,Zakharov,30,7,2.9756173514391798e-15
ENS pop10,Zakharov,30,8,1.6412164992725452e-16
ENS pop10,Zakharov,30,9,4.0703629670137505e-17
ENS pop10,Zakharov,30,10,8.66856480280103e-17
ENS pop10,Zakharov,30,11,2.1942317406934437e-16
ENS pop10,Zakharov,30,12,8.1035521378582e-17
ENS pop10,Zakharov,30,13,5.264097908167081e-16
ENS pop10,Zakharov,30,14,4.607102087465548e-16
faqat jSO rejimi,Ackley,30,0,7.549516567451064e-15
faqat jSO rejimi,Ackley,30,1,7.549516567451064e-15
faqat jSO rejimi,Ackley,30,2,7.549516567451064e-15
faqat jSO rejimi,Ackley,30,3,7.549516567451064e-15
faqat jSO rejimi,Ackley,30,4,7.549516567451064e-15
faqat jSO rejimi,Ackley,30,5,7.549516567451064e-15
faqat jSO rejimi,Ackley,30,6,7.549516567451064e-15
faqat jSO rejimi,Ackley,30,7,7.549516567451064e-15
faqat jSO rejimi,Ackley,30,8,1.1102230246251565e-14
faqat jSO rejimi,Ackley,30,9,7.549516567451064e-15
faqat jSO rejimi,Ackley,30,10,1.1102230246251565e-14
faqat jSO rejimi,Ackley,30,11,7.549516567451064e-15
faqat jSO rejimi,Ackley,30,12,7.549516567451064e-15
faqat jSO rejimi,Ackley,30,13,7.549516567451064e-15
faqat jSO rejimi,Ackley,30,14,7.549516567451064e-15
faqat jSO rejimi,BentCigar,30,0,5.0487097934144756e-23
faqat jSO rejimi,BentCigar,30,1,4.67005655890839e-22
faqat jSO rejimi,BentCigar,30,2,3.69750327823465e-22
faqat jSO rejimi,BentCigar,30,3,3.660314600225495e-22
faqat jSO rejimi,BentCigar,30,4,4.543838814073028e-22
faqat jSO rejimi,BentCigar,30,5,5.0487097934144756e-23
faqat jSO rejimi,BentCigar,30,6,5.0487097934144756e-23
faqat jSO rejimi,BentCigar,30,7,1.0097419586828951e-22
faqat jSO rejimi,BentCigar,30,8,2.524405383805172e-22
faqat jSO rejimi,BentCigar,30,9,5.048709793414476e-22
faqat jSO rejimi,BentCigar,30,10,1.0097419586828951e-22
faqat jSO rejimi,BentCigar,30,11,1.5146129380243427e-22
faqat jSO rejimi,BentCigar,30,12,1.0097419586828951e-22
faqat jSO rejimi,BentCigar,30,13,1.6408306828597046e-22
faqat jSO rejimi,BentCigar,30,14,3.660314600225495e-22
faqat jSO rejimi,Composition,30,0,5.551115123125877e-15
faqat jSO rejimi,Composition,30,1,7.327471962526281e-15
faqat jSO rejimi,Composition,30,2,5.551115123125884e-15
faqat jSO rejimi,Composition,30,3,5.55111512312589e-15
faqat jSO rejimi,Composition,30,4,7.327471962526204e-15
faqat jSO rejimi,Composition,30,5,1.9984014443252983e-15
faqat jSO rejimi,Composition,30,6,3.774758283725595e-15
faqat jSO rejimi,Composition,30,7,5.551115123125888e-15
faqat jSO rejimi,Composition,30,8,3.774758283725614e-15
faqat jSO rejimi,Composition,30,9,3.774758283725591e-15
faqat jSO rejimi,Composition,30,10,7.327471962526273e-15
faqat jSO rejimi,Composition,30,11,5.55111512312589e-15
faqat jSO rejimi,Composition,30,12,3.774758283725583e-15
faqat jSO rejimi,Composition,30,13,3.774758283725589e-15
faqat jSO rejimi,Composition,30,14,3.774758283725589e-15
faqat jSO rejimi,DynamicSphere,30,0,0.09895766883062891
faqat jSO rejimi,DynamicSphere,30,1,0.09541278953551002
faqat jSO rejimi,DynamicSphere,30,2,0.186315152142313
faqat jSO rejimi,DynamicSphere,30,3,0.14297304065588068
faqat jSO rejimi,DynamicSphere,30,4,0.07987116060593207
faqat jSO rejimi,DynamicSphere,30,5,0.1273229891061338
faqat jSO rejimi,DynamicSphere,30,6,0.08808603190011463
faqat jSO rejimi,DynamicSphere,30,7,0.08618258583772516
faqat jSO rejimi,DynamicSphere,30,8,0.10270002316635558
faqat jSO rejimi,DynamicSphere,30,9,0.08627507034978613
faqat jSO rejimi,DynamicSphere,30,10,0.08805834363956894
faqat jSO rejimi,DynamicSphere,30,11,0.06578853580165889
faqat jSO rejimi,DynamicSphere,30,12,0.09152350951589176
faqat jSO rejimi,DynamicSphere,30,13,0.09658178333456312
faqat jSO rejimi,DynamicSphere,30,14,0.09376397532880859
faqat jSO rejimi,Griewank,30,0,0.0
faqat jSO rejimi,Griewank,30,1,0.0
faqat jSO rejimi,Griewank,30,2,0.0
faqat jSO rejimi,Griewank,30,3,0.0
faqat jSO rejimi,Griewank,30,4,0.0
faqat jSO rejimi,Griewank,30,5,1.1102230246251565e-16
faqat jSO rejimi,Griewank,30,6,0.0
faqat jSO rejimi,Griewank,30,7,0.0
faqat jSO rejimi,Griewank,30,8,0.0
faqat jSO rejimi,Griewank,30,9,0.0
faqat jSO rejimi,Griewank,30,10,0.0
faqat jSO rejimi,Griewank,30,11,0.0
faqat jSO rejimi,Griewank,30,12,0.0
faqat jSO rejimi,Griewank,30,13,0.0
faqat jSO rejimi,Griewank,30,14,0.0
faqat jSO rejimi,Levy,30,0,1.6086414183874345e-30
faqat jSO rejimi,Levy,30,1,1.060328792253442e-30
faqat jSO rejimi,Levy,30,2,1.3591370086085948e-30
faqat jSO rejimi,Levy,30,3,9.114222468920778e-31
faqat jSO rejimi,Levy,30,4,3.8995044104436095e-30
faqat jSO rejimi,Levy,30,5,1.6086414183874387e-30
faqat jSO rejimi,Levy,30,6,1.2102304632472312e-30
faqat jSO rejimi,Levy,30,7,2.4054633286678444e-30
faqat jSO rejimi,Levy,30,8,8.6112331468334e-31
faqat jSO rejimi,Levy,30,9,1.608641418387435e-30
faqat jSO rejimi,Levy,30,10,2.6779750457822005e-30
faqat jSO rejimi,Levy,30,11,1.1599315310384924e-30
faqat jSO rejimi,Levy,30,12,2.4054633286678427e-30
faqat jSO rejimi,Levy,30,13,4.295925114318964e-30
faqat jSO rejimi,Levy,30,14,1.8571507025338498e-30
faqat jSO rejimi,NoisyRastrigin,30,0,0.2453357955956612
faqat jSO rejimi,NoisyRastrigin,30,1,0.24269625219391777
faqat jSO rejimi,NoisyRastrigin,30,2,0.21117708640485766
faqat jSO rejimi,NoisyRastrigin,30,3,0.1399275610074593
faqat jSO rejimi,NoisyRastrigin,30,4,0.16028950855782753
faqat jSO rejimi,NoisyRastrigin,30,5,0.16661018642849967
faqat jSO rejimi,NoisyRastrigin,30,6,0.21769027681798825
faqat jSO rejimi,NoisyRastrigin,30,7,0.2045187585856123
faqat jSO rejimi,NoisyRastrigin,30,8,0.330882245380101
faqat jSO rejimi,NoisyRastrigin,30,9,0.26584192652070016
faqat jSO rejimi,NoisyRastrigin,30,10,0.1732086000353057
faqat jSO rejimi,NoisyRastrigin,30,11,0.160728189189836
faqat jSO rejimi,NoisyRastrigin,30,12,0.21038317063086076
faqat jSO rejimi,NoisyRastrigin,30,13,0.24912382925247378
faqat jSO rejimi,NoisyRastrigin,30,14,0.26798956009717934
faqat jSO rejimi,NoisySphere,30,0,0.008382837624622158
faqat jSO rejimi,NoisySphere,30,1,0.01508676410655811
faqat jSO rejimi,NoisySphere,30,2,0.012039124512504563
faqat jSO rejimi,NoisySphere,30,3,0.007477685527521412
faqat jSO rejimi,NoisySphere,30,4,0.01047909819282881
faqat jSO rejimi,NoisySphere,30,5,0.00886663584826411
faqat jSO rejimi,NoisySphere,30,6,0.0077899289776474905
faqat jSO rejimi,NoisySphere,30,7,0.006947175508726958
faqat jSO rejimi,NoisySphere,30,8,0.008851478400119085
faqat jSO rejimi,NoisySphere,30,9,0.01026593453818555
faqat jSO rejimi,NoisySphere,30,10,0.0132352863091793
faqat jSO rejimi,NoisySphere,30,11,0.008237442469408012
faqat jSO rejimi,NoisySphere,30,12,0.01300794893236448
faqat jSO rejimi,NoisySphere,30,13,0.0132962002654602
faqat jSO rejimi,NoisySphere,30,14,0.007794314664063623
faqat jSO rejimi,Rosenbrock,30,0,2.8699892044894044
faqat jSO rejimi,Rosenbrock,30,1,3.6137120610515554
faqat jSO rejimi,Rosenbrock,30,2,2.8960023969525492
faqat jSO rejimi,Rosenbrock,30,3,2.643158000103547
faqat jSO rejimi,Rosenbrock,30,4,4.433145637511208
faqat jSO rejimi,Rosenbrock,30,5,2.5430197626839437
faqat jSO rejimi,Rosenbrock,30,6,3.87316571039951
faqat jSO rejimi,Rosenbrock,30,7,2.369576302254389
faqat jSO rejimi,Rosenbrock,30,8,4.223890984696293
faqat jSO rejimi,Rosenbrock,30,9,4.6039153782471445
faqat jSO rejimi,Rosenbrock,30,10,3.616034279974275
faqat jSO rejimi,Rosenbrock,30,11,3.8433181329785002
faqat jSO rejimi,Rosenbrock,30,12,3.489386156871804
faqat jSO rejimi,Rosenbrock,30,13,2.27246272373913
faqat jSO rejimi,Rosenbrock,30,14,4.6011295265999745
faqat jSO rejimi,RotatedElliptic,30,0,35.67918167454287
faqat jSO rejimi,RotatedElliptic,30,1,1640.1805540017522
faqat jSO rejimi,RotatedElliptic,30,2,369.85677879200875
faqat jSO rejimi,RotatedElliptic,30,3,22.468785572149354
faqat jSO rejimi,RotatedElliptic,30,4,15.956845573547687
faqat jSO rejimi,RotatedElliptic,30,5,4716.820151058641
faqat jSO rejimi,RotatedElliptic,30,6,4.035909166581616
faqat jSO rejimi,RotatedElliptic,30,7,192.95876348267385
faqat jSO rejimi,RotatedElliptic,30,8,298.22553836370264
faqat jSO rejimi,RotatedElliptic,30,9,9.247168596242947
faqat jSO rejimi,RotatedElliptic,30,10,10125.547930075745
faqat jSO rejimi,RotatedElliptic,30,11,219.10596311827743
faqat jSO rejimi,RotatedElliptic,30,12,101.04118849753102
faqat jSO rejimi,RotatedElliptic,30,13,34.64235700484011
faqat jSO rejimi,RotatedElliptic,30,14,40.1502865470204
faqat jSO rejimi,Schwefel,30,0,118.43871644142746
faqat jSO rejimi,Schwefel,30,1,0.00038182698881428223
faqat jSO rejimi,Schwefel,30,2,236.87705105586792
faqat jSO rejimi,Schwefel,30,3,236.8770510558661
faqat jSO rejimi,Schwefel,30,4,947.5288131873422
faqat jSO rejimi,Schwefel,30,5,0.00038182698881428223
faqat jSO rejimi,Schwefel,30,6,473.75372028474703
faqat jSO rejimi,Schwefel,30,7,118.43871644142746
faqat jSO rejimi,Schwefel,30,8,355.31538567030293
faqat jSO rejimi,Schwefel,30,9,355.3153856703011
faqat jSO rejimi,Schwefel,30,10,0.00038182698881428223
faqat jSO rejimi,Schwefel,30,11,0.00038182698881428223
faqat jSO rejimi,Schwefel,30,12,355.31538567030475
faqat jSO rejimi,Schwefel,30,13,236.8770510558661
faqat jSO rejimi,Schwefel,30,14,236.8770510558661
faqat jSO rejimi,Zakharov,30,0,7.262090019609984e-16
faqat jSO rejimi,Zakharov,30,1,2.886952011126472e-15
faqat jSO rejimi,Zakharov,30,2,9.735448256992453e-16
faqat jSO rejimi,Zakharov,30,3,2.0647383900114507e-16
faqat jSO rejimi,Zakharov,30,4,5.235030621665354e-16
faqat jSO rejimi,Zakharov,30,5,2.454658901105998e-15
faqat jSO rejimi,Zakharov,30,6,4.352070240553989e-16
faqat jSO rejimi,Zakharov,30,7,1.1350363635311562e-15
faqat jSO rejimi,Zakharov,30,8,4.0457617767847995e-15
faqat jSO rejimi,Zakharov,30,9,6.352175555524849e-17
faqat jSO rejimi,Zakharov,30,10,3.1905997810520327e-15
faqat jSO rejimi,Zakharov,30,11,1.1874721536733e-15
faqat jSO rejimi,Zakharov,30,12,3.5990454582247704e-16
faqat jSO rejimi,Zakharov,30,13,2.6698712458528305e-16
faqat jSO rejimi,Zakharov,30,14,1.3777424366517304e-16
faqat L-SHADE rejimi,Ackley,30,0,7.549516567451064e-15
faqat L-SHADE rejimi,Ackley,30,1,7.549516567451064e-15
faqat L-SHADE rejimi,Ackley,30,2,7.549516567451064e-15
faqat L-SHADE rejimi,Ackley,30,3,7.549516567451064e-15
faqat L-SHADE rejimi,Ackley,30,4,1.1102230246251565e-14
faqat L-SHADE rejimi,Ackley,30,5,7.549516567451064e-15
faqat L-SHADE rejimi,Ackley,30,6,7.549516567451064e-15
faqat L-SHADE rejimi,Ackley,30,7,1.1102230246251565e-14
faqat L-SHADE rejimi,Ackley,30,8,7.549516567451064e-15
faqat L-SHADE rejimi,Ackley,30,9,7.549516567451064e-15
faqat L-SHADE rejimi,Ackley,30,10,7.549516567451064e-15
faqat L-SHADE rejimi,Ackley,30,11,7.549516567451064e-15
faqat L-SHADE rejimi,Ackley,30,12,7.549516567451064e-15
faqat L-SHADE rejimi,Ackley,30,13,1.4654943925052066e-14
faqat L-SHADE rejimi,Ackley,30,14,7.549516567451064e-15
faqat L-SHADE rejimi,BentCigar,30,0,0.0
faqat L-SHADE rejimi,BentCigar,30,1,1.2621774483536189e-23
faqat L-SHADE rejimi,BentCigar,30,2,0.0
faqat L-SHADE rejimi,BentCigar,30,3,0.0
faqat L-SHADE rejimi,BentCigar,30,4,0.0
faqat L-SHADE rejimi,BentCigar,30,5,0.0
faqat L-SHADE rejimi,BentCigar,30,6,0.0
faqat L-SHADE rejimi,BentCigar,30,7,0.0
faqat L-SHADE rejimi,BentCigar,30,8,1.2621774483536189e-23
faqat L-SHADE rejimi,BentCigar,30,9,0.0
faqat L-SHADE rejimi,BentCigar,30,10,0.0
faqat L-SHADE rejimi,BentCigar,30,11,0.0
faqat L-SHADE rejimi,BentCigar,30,12,0.0
faqat L-SHADE rejimi,BentCigar,30,13,1.2621774483536189e-23
faqat L-SHADE rejimi,BentCigar,30,14,0.0
faqat L-SHADE rejimi,Composition,30,0,2.220446049250313e-16
faqat L-SHADE rejimi,Composition,30,1,2.220446049250313e-16
faqat L-SHADE rejimi,Composition,30,2,1.998401444325288e-15
faqat L-SHADE rejimi,Composition,30,3,2.220446049250313e-16
faqat L-SHADE rejimi,Composition,30,4,2.220446049250313e-16
faqat L-SHADE rejimi,Composition,30,5,2.220446049250313e-16
faqat L-SHADE rejimi,Composition,30,6,2.220446049250313e-16
faqat L-SHADE rejimi,Composition,30,7,2.220446049250313e-16
faqat L-SHADE rejimi,Composition,30,8,2.220446049250313e-16
faqat L-SHADE rejimi,Composition,30,9,2.220446049250313e-16
faqat L-SHADE rejimi,Composition,30,10,2.220446049250313e-16
faqat L-SHADE rejimi,Composition,30,11,2.220446049250313e-16
faqat L-SHADE rejimi,Composition,30,12,2.220446049250313e-16
faqat L-SHADE rejimi,Composition,30,13,2.220446049250313e-16
faqat L-SHADE rejimi,Composition,30,14,2.220446049250313e-16
faqat L-SHADE rejimi,DynamicSphere,30,0,0.08074486343460202
faqat L-SHADE rejimi,DynamicSphere,30,1,0.04650530756292262
faqat L-SHADE rejimi,DynamicSphere,30,2,0.11409725566127184
faqat L-SHADE rejimi,DynamicSphere,30,3,0.07115801137659646
faqat L-SHADE rejimi,DynamicSphere,30,4,0.043194199640137126
faqat L-SHADE rejimi,DynamicSphere,30,5,0.07933443801556211
faqat L-SHADE rejimi,DynamicSphere,30,6,0.06334925952495439
faqat L-SHADE rejimi,DynamicSphere,30,7,0.11977703588634818
faqat L-SHADE rejimi,DynamicSphere,30,8,0.06269155339162387
faqat L-SHADE rejimi,DynamicSphere,30,9,0.10289721432342865
faqat L-SHADE rejimi,DynamicSphere,30,10,0.04628887647488494
faqat L-SHADE rejimi,DynamicSphere,30,11,0.075671867214458
faqat L-SHADE rejimi,DynamicSphere,30,12,0.07385447494848925
faqat L-SHADE rejimi,DynamicSphere,30,13,0.1197368761382247
faqat L-SHADE rejimi,DynamicSphere,30,14,0.043875948416027856
faqat L-SHADE rejimi,Griewank,30,0,0.0
faqat L-SHADE rejimi,Griewank,30,1,0.0
faqat L-SHADE rejimi,Griewank,30,2,0.0
faqat L-SHADE rejimi,Griewank,30,3,0.0
faqat L-SHADE rejimi,Griewank,30,4,0.0
faqat L-SHADE rejimi,Griewank,30,5,0.0
faqat L-SHADE rejimi,Griewank,30,6,0.0
faqat L-SHADE rejimi,Griewank,30,7,0.0
faqat L-SHADE rejimi,Griewank,30,8,0.0
faqat L-SHADE rejimi,Griewank,30,9,0.0
faqat L-SHADE rejimi,Griewank,30,10,0.0
faqat L-SHADE rejimi,Griewank,30,11,0.0
faqat L-SHADE rejimi,Griewank,30,12,0.0
faqat L-SHADE rejimi,Griewank,30,13,0.0
faqat L-SHADE rejimi,Griewank,30,14,0.0
faqat L-SHADE rejimi,Levy,30,0,1.4997597826618576e-32
faqat L-SHADE rejimi,Levy,30,1,1.4997597826618576e-32
faqat L-SHADE rejimi,Levy,30,2,1.4997597826618576e-32
faqat L-SHADE rejimi,Levy,30,3,4.134085529668223e-31
faqat L-SHADE rejimi,Levy,30,4,1.4997597826618576e-32
faqat L-SHADE rejimi,Levy,30,5,1.4997597826618576e-32
faqat L-SHADE rejimi,Levy,30,6,1.4997597826618576e-32
faqat L-SHADE rejimi,Levy,30,7,1.4997597826618576e-32
faqat L-SHADE rejimi,Levy,30,8,1.4997597826618576e-32
faqat L-SHADE rejimi,Levy,30,9,1.4997597826618576e-32
faqat L-SHADE rejimi,Levy,30,10,1.4997597826618576e-32
faqat L-SHADE rejimi,Levy,30,11,1.4997597826618576e-32
faqat L-SHADE rejimi,Levy,30,12,4.134085529668223e-31
faqat L-SHADE rejimi,Levy,30,13,4.134085529668231e-31
faqat L-SHADE rejimi,Levy,30,14,1.4997597826618576e-32
faqat L-SHADE rejimi,NoisyRastrigin,30,0,0.1696082795853826
faqat L-SHADE rejimi,NoisyRastrigin,30,1,0.31473182775774333
faqat L-SHADE rejimi,NoisyRastrigin,30,2,0.18377806085876713
faqat L-SHADE rejimi,NoisyRastrigin,30,3,0.16588760889790066
faqat L-SHADE rejimi,NoisyRastrigin,30,4,0.25074690338152905
faqat L-SHADE rejimi,NoisyRastrigin,30,5,0.21485728537974857
faqat L-SHADE rejimi,NoisyRastrigin,30,6,0.1913283654594089
faqat L-SHADE rejimi,NoisyRastrigin,30,7,0.08747133220092707
faqat L-SHADE rejimi,NoisyRastrigin,30,8,0.1781965288787717
faqat L-SHADE rejimi,NoisyRastrigin,30,9,0.1384333797348738
faqat L-SHADE rejimi,NoisyRastrigin,30,10,0.18853430894501244
faqat L-SHADE rejimi,NoisyRastrigin,30,11,0.16631162943953726
faqat L-SHADE rejimi,NoisyRastrigin,30,12,0.1843317632207846
faqat L-SHADE rejimi,NoisyRastrigin,30,13,0.21183420218393678
faqat L-SHADE rejimi,NoisyRastrigin,30,14,0.17770219700907752
faqat L-SHADE rejimi,NoisySphere,30,0,0.00692185559943652
faqat L-SHADE rejimi,NoisySphere,30,1,0.016785065621335953
faqat L-SHADE rejimi,NoisySphere,30,2,0.007802220808431794
faqat L-SHADE rejimi,NoisySphere,30,3,0.00709350247862597
faqat L-SHADE rejimi,NoisySphere,30,4,0.00861717633091563
faqat L-SHADE rejimi,NoisySphere,30,5,0.013867323836662135
faqat L-SHADE rejimi,NoisySphere,30,6,0.017042374538418666
faqat L-SHADE rejimi,NoisySphere,30,7,0.005749638480983707
faqat L-SHADE rejimi,NoisySphere,30,8,0.008284650376390609
faqat L-SHADE rejimi,NoisySphere,30,9,0.01262517850206074
faqat L-SHADE rejimi,NoisySphere,30,10,0.012869102004945161
faqat L-SHADE rejimi,NoisySphere,30,11,0.008196716508604058
faqat L-SHADE rejimi,NoisySphere,30,12,0.00910448401852548
faqat L-SHADE rejimi,NoisySphere,30,13,0.013440032602154874
faqat L-SHADE rejimi,NoisySphere,30,14,0.009314270457200504
faqat L-SHADE rejimi,Rosenbrock,30,0,1.7059133327166023
faqat L-SHADE rejimi,Rosenbrock,30,1,0.37080758622548854
faqat L-SHADE rejimi,Rosenbrock,30,2,0.46682658167159996
faqat L-SHADE rejimi,Rosenbrock,30,3,2.6135633669111966
faqat L-SHADE rejimi,Rosenbrock,30,4,1.6393789162635866
faqat L-SHADE rejimi,Rosenbrock,30,5,1.0153074203234056
faqat L-SHADE rejimi,Rosenbrock,30,6,2.1026409492001115
faqat L-SHADE rejimi,Rosenbrock,30,7,4.451874892984385
faqat L-SHADE rejimi,Rosenbrock,30,8,2.2452385784948534
faqat L-SHADE rejimi,Rosenbrock,30,9,3.3786753956904954
faqat L-SHADE rejimi,Rosenbrock,30,10,4.066413464902322
faqat L-SHADE rejimi,Rosenbrock,30,11,2.39147540867254
faqat L-SHADE rejimi,Rosenbrock,30,12,1.3625732365223617
faqat L-SHADE rejimi,Rosenbrock,30,13,0.4758741097917125
faqat L-SHADE rejimi,Rosenbrock,30,14,2.8342388574869326
faqat L-SHADE rejimi,RotatedElliptic,30,0,27883.67427659655
faqat L-SHADE rejimi,RotatedElliptic,30,1,66523.25350152032
faqat L-SHADE rejimi,RotatedElliptic,30,2,8719.236070305085
faqat L-SHADE rejimi,RotatedElliptic,30,3,2545.087981517044
faqat L-SHADE rejimi,RotatedElliptic,30,4,3365.950242187162
faqat L-SHADE rejimi,RotatedElliptic,30,5,16441.862098958227
faqat L-SHADE rejimi,RotatedElliptic,30,6,4343.242336643324
faqat L-SHADE rejimi,RotatedElliptic,30,7,24447.63013151399
faqat L-SHADE rejimi,RotatedElliptic,30,8,33035.80941260609
faqat L-SHADE rejimi,RotatedElliptic,30,9,16081.954749888517
faqat L-SHADE rejimi,RotatedElliptic,30,10,3459.6479820097397
faqat L-SHADE rejimi,RotatedElliptic,30,11,590.4174526267377
faqat L-SHADE rejimi,RotatedElliptic,30,12,2049.8200614581033
faqat L-SHADE rejimi,RotatedElliptic,30,13,444.08494299052296
faqat L-SHADE rejimi,RotatedElliptic,30,14,3477.6243639246695
faqat L-SHADE rejimi,Schwefel,30,0,0.00038182698881428223
faqat L-SHADE rejimi,Schwefel,30,1,0.00038182698881428223
faqat L-SHADE rejimi,Schwefel,30,2,0.00038182699245226104
faqat L-SHADE rejimi,Schwefel,30,3,0.00038182698881428223
faqat L-SHADE rejimi,Schwefel,30,4,0.00038182698881428223
faqat L-SHADE rejimi,Schwefel,30,5,0.00038182698881428223
faqat L-SHADE rejimi,Schwefel,30,6,0.00038182698881428223
faqat L-SHADE rejimi,Schwefel,30,7,0.00038182698881428223
faqat L-SHADE rejimi,Schwefel,30,8,0.00038182698881428223
faqat L-SHADE rejimi,Schwefel,30,9,0.00038182698881428223
faqat L-SHADE rejimi,Schwefel,30,10,0.00038182698881428223
faqat L-SHADE rejimi,Schwefel,30,11,0.00038182698881428223
faqat L-SHADE rejimi,Schwefel,30,12,0.00038182698881428223
faqat L-SHADE rejimi,Schwefel,30,13,0.00038182698881428223
faqat L-SHADE rejimi,Schwefel,30,14,0.00038182698881428223
faqat L-SHADE rejimi,Zakharov,30,0,1.5694170617661717e-15
faqat L-SHADE rejimi,Zakharov,30,1,7.055831800818802e-19
faqat L-SHADE rejimi,Zakharov,30,2,8.884508410104721e-19
faqat L-SHADE rejimi,Zakharov,30,3,2.0801087997645992e-14
faqat L-SHADE rejimi,Zakharov,30,4,6.614493356677141e-17
faqat L-SHADE rejimi,Zakharov,30,5,2.2427685868217845e-15
faqat L-SHADE rejimi,Zakharov,30,6,3.503293873730036e-18
faqat L-SHADE rejimi,Zakharov,30,7,1.5467450425410902e-17
faqat L-SHADE rejimi,Zakharov,30,8,9.038082016837346e-18
faqat L-SHADE rejimi,Zakharov,30,9,4.344113763361667e-18
faqat L-SHADE rejimi,Zakharov,30,10,1.111886515858341e-15
faqat L-SHADE rejimi,Zakharov,30,11,2.549901450674722e-17
faqat L-SHADE rejimi,Zakharov,30,12,8.204479451151908e-19
faqat L-SHADE rejimi,Zakharov,30,13,1.1280493500869941e-16
faqat L-SHADE rejimi,Zakharov,30,14,4.4003072049605427e-17
ENS pop6 -rho prior,Ackley,30,0,7.549516567451064e-15
ENS pop6 -rho prior,Ackley,30,1,1.1102230246251565e-14
ENS pop6 -rho prior,Ackley,30,2,7.549516567451064e-15
ENS pop6 -rho prior,Ackley,30,3,7.549516567451064e-15
ENS pop6 -rho prior,Ackley,30,4,7.549516567451064e-15
ENS pop6 -rho prior,Ackley,30,5,1.1102230246251565e-14
ENS pop6 -rho prior,Ackley,30,6,7.549516567451064e-15
ENS pop6 -rho prior,Ackley,30,7,1.1102230246251565e-14
ENS pop6 -rho prior,Ackley,30,8,7.549516567451064e-15
ENS pop6 -rho prior,Ackley,30,9,7.549516567451064e-15
ENS pop6 -rho prior,Ackley,30,10,7.549516567451064e-15
ENS pop6 -rho prior,Ackley,30,11,7.549516567451064e-15
ENS pop6 -rho prior,Ackley,30,12,7.549516567451064e-15
ENS pop6 -rho prior,Ackley,30,13,7.549516567451064e-15
ENS pop6 -rho prior,Ackley,30,14,1.1102230246251565e-14
ENS pop6 -rho prior,BentCigar,30,0,5.0487097934144756e-23
ENS pop6 -rho prior,BentCigar,30,1,6.310887241768094e-23
ENS pop6 -rho prior,BentCigar,30,2,2.145701662201152e-22
ENS pop6 -rho prior,BentCigar,30,3,0.0
ENS pop6 -rho prior,BentCigar,30,4,0.0
ENS pop6 -rho prior,BentCigar,30,5,0.0
ENS pop6 -rho prior,BentCigar,30,6,1.2621774483536189e-23
ENS pop6 -rho prior,BentCigar,30,7,0.0
ENS pop6 -rho prior,BentCigar,30,8,7.573064690121713e-23
ENS pop6 -rho prior,BentCigar,30,9,1.2621774483536189e-23
ENS pop6 -rho prior,BentCigar,30,10,0.0
ENS pop6 -rho prior,BentCigar,30,11,2.5243548967072378e-23
ENS pop6 -rho prior,BentCigar,30,12,5.0487097934144756e-23
ENS pop6 -rho prior,BentCigar,30,13,0.0
ENS pop6 -rho prior,BentCigar,30,14,1.2621774483536189e-23
ENS pop6 -rho prior,Composition,30,0,2.220446049250313e-16
ENS pop6 -rho prior,Composition,30,1,1.998401444325307e-15
ENS pop6 -rho prior,Composition,30,2,1.998401444325307e-15
ENS pop6 -rho prior,Composition,30,3,1.998401444325307e-15
ENS pop6 -rho prior,Composition,30,4,1.998401444325307e-15
ENS pop6 -rho prior,Composition,30,5,2.220446049250313e-16
ENS pop6 -rho prior,Composition,30,6,3.774758283725564e-15
ENS pop6 -rho prior,Composition,30,7,3.774758283725589e-15
ENS pop6 -rho prior,Composition,30,8,1.9984014443252944e-15
ENS pop6 -rho prior,Composition,30,9,2.220446049250313e-16
ENS pop6 -rho prior,Composition,30,10,2.220446049250313e-16
ENS pop6 -rho prior,Composition,30,11,2.220446049250313e-16
ENS pop6 -rho prior,Composition,30,12,2.220446049250313e-16
ENS pop6 -rho prior,Composition,30,13,3.774758283725583e-15
ENS pop6 -rho prior,Composition,30,14,1.9984014443252944e-15
ENS pop6 -rho prior,DynamicSphere,30,0,0.1331728109695826
ENS pop6 -rho prior,DynamicSphere,30,1,0.09911188860579256
ENS pop6 -rho prior,DynamicSphere,30,2,0.10137972868860678
ENS pop6 -rho prior,DynamicSphere,30,3,0.11497178855509017
ENS pop6 -rho prior,DynamicSphere,30,4,0.052921657951867346
ENS pop6 -rho prior,DynamicSphere,30,5,0.13571290527333443
ENS pop6 -rho prior,DynamicSphere,30,6,0.09668049076706377
ENS pop6 -rho prior,DynamicSphere,30,7,0.0759019792491896
ENS pop6 -rho prior,DynamicSphere,30,8,0.0547579432917211
ENS pop6 -rho prior,DynamicSphere,30,9,0.08445579759590842
ENS pop6 -rho prior,DynamicSphere,30,10,0.08927404413965136
ENS pop6 -rho prior,DynamicSphere,30,11,0.10201518166741336
ENS pop6 -rho prior,DynamicSphere,30,12,0.08931206235708031
ENS pop6 -rho prior,DynamicSphere,30,13,0.07186158769203277
ENS pop6 -rho prior,DynamicSphere,30,14,0.08128211188868213
ENS pop6 -rho prior,Griewank,30,0,0.0
ENS pop6 -rho prior,Griewank,30,1,0.0
ENS pop6 -rho prior,Griewank,30,2,0.0
ENS pop6 -rho prior,Griewank,30,3,0.0
ENS pop6 -rho prior,Griewank,30,4,0.0
ENS pop6 -rho prior,Griewank,30,5,0.0
ENS pop6 -rho prior,Griewank,30,6,0.0
ENS pop6 -rho prior,Griewank,30,7,0.0
ENS pop6 -rho prior,Griewank,30,8,0.0
ENS pop6 -rho prior,Griewank,30,9,0.0
ENS pop6 -rho prior,Griewank,30,10,0.0
ENS pop6 -rho prior,Griewank,30,11,0.0
ENS pop6 -rho prior,Griewank,30,12,0.0
ENS pop6 -rho prior,Griewank,30,13,0.0
ENS pop6 -rho prior,Griewank,30,14,0.0
ENS pop6 -rho prior,Levy,30,0,5.130112917518741e-31
ENS pop6 -rho prior,Levy,30,1,4.134085529668231e-31
ENS pop6 -rho prior,Levy,30,2,4.134085529668231e-31
ENS pop6 -rho prior,Levy,30,3,1.2102304632472312e-30
ENS pop6 -rho prior,Levy,30,4,1.6086414183874387e-30
ENS pop6 -rho prior,Levy,30,5,4.134085529668231e-31
ENS pop6 -rho prior,Levy,30,6,4.134085529668223e-31
ENS pop6 -rho prior,Levy,30,7,3.2515890455245645e-30
ENS pop6 -rho prior,Levy,30,8,4.134085529668231e-31
ENS pop6 -rho prior,Levy,30,9,4.134085529668231e-31
ENS pop6 -rho prior,Levy,30,10,1.8058566446926878e-30
ENS pop6 -rho prior,Levy,30,11,7.615205758982894e-31
ENS pop6 -rho prior,Levy,30,12,1.6086414183874387e-30
ENS pop6 -rho prior,Levy,30,13,2.4054633286678476e-30
ENS pop6 -rho prior,Levy,30,14,1.4997597826618576e-32
ENS pop6 -rho prior,NoisyRastrigin,30,0,0.11126085833650556
ENS pop6 -rho prior,NoisyRastrigin,30,1,0.10919898360308444
ENS pop6 -rho prior,NoisyRastrigin,30,2,0.07215318772444945
ENS pop6 -rho prior,NoisyRastrigin,30,3,0.1305013477515331
ENS pop6 -rho prior,NoisyRastrigin,30,4,0.06926748316197795
ENS pop6 -rho prior,NoisyRastrigin,30,5,0.08096739725606383
ENS pop6 -rho prior,NoisyRastrigin,30,6,0.0957557159451099
ENS pop6 -rho prior,NoisyRastrigin,30,7,0.10794609068008398
ENS pop6 -rho prior,NoisyRastrigin,30,8,0.10800506698384105
ENS pop6 -rho prior,NoisyRastrigin,30,9,0.1694100081037817
ENS pop6 -rho prior,NoisyRastrigin,30,10,0.18351539107669979
ENS pop6 -rho prior,NoisyRastrigin,30,11,0.15910165200628867
ENS pop6 -rho prior,NoisyRastrigin,30,12,0.1876489137773092
ENS pop6 -rho prior,NoisyRastrigin,30,13,0.11315340549833586
ENS pop6 -rho prior,NoisyRastrigin,30,14,0.21276331605486654
ENS pop6 -rho prior,NoisySphere,30,0,0.013318246571565079
ENS pop6 -rho prior,NoisySphere,30,1,0.006822679469830165
ENS pop6 -rho prior,NoisySphere,30,2,0.00483997960660732
ENS pop6 -rho prior,NoisySphere,30,3,0.005505950187882102
ENS pop6 -rho prior,NoisySphere,30,4,0.00996940769482327
ENS pop6 -rho prior,NoisySphere,30,5,0.007860970473192059
ENS pop6 -rho prior,NoisySphere,30,6,0.0095268185807639
ENS pop6 -rho prior,NoisySphere,30,7,0.016694924692140675
ENS pop6 -rho prior,NoisySphere,30,8,0.009097341131040972
ENS pop6 -rho prior,NoisySphere,30,9,0.012512423368404697
ENS pop6 -rho prior,NoisySphere,30,10,0.010265930611730709
ENS pop6 -rho prior,NoisySphere,30,11,0.012246705183264588
ENS pop6 -rho prior,NoisySphere,30,12,0.011944395215195792
ENS pop6 -rho prior,NoisySphere,30,13,0.01176725366188079
ENS pop6 -rho prior,NoisySphere,30,14,0.009916629053483924
ENS pop6 -rho prior,Rosenbrock,30,0,5.026914985901832
ENS pop6 -rho prior,Rosenbrock,30,1,0.5512534099784769
ENS pop6 -rho prior,Rosenbrock,30,2,2.2936400585471666
ENS pop6 -rho prior,Rosenbrock,30,3,0.30385340122711246
ENS pop6 -rho prior,Rosenbrock,30,4,1.7535081118850027
ENS pop6 -rho prior,Rosenbrock,30,5,2.1602091656274993
ENS pop6 -rho prior,Rosenbrock,30,6,1.6204503007900986
ENS pop6 -rho prior,Rosenbrock,30,7,0.8840807470284593
ENS pop6 -rho prior,Rosenbrock,30,8,2.1808607935124154
ENS pop6 -rho prior,Rosenbrock,30,9,1.7371245232434571
ENS pop6 -rho prior,Rosenbrock,30,10,3.2049767026879525
ENS pop6 -rho prior,Rosenbrock,30,11,0.5603893702741929
ENS pop6 -rho prior,Rosenbrock,30,12,0.9293126676927597
ENS pop6 -rho prior,Rosenbrock,30,13,2.657122911080279
ENS pop6 -rho prior,Rosenbrock,30,14,1.0342729127418622
ENS pop6 -rho prior,RotatedElliptic,30,0,207.16575742127367
ENS pop6 -rho prior,RotatedElliptic,30,1,4891.111596994799
ENS pop6 -rho prior,RotatedElliptic,30,2,1044.6947760738658
ENS pop6 -rho prior,RotatedElliptic,30,3,2539.9814777084916
ENS pop6 -rho prior,RotatedElliptic,30,4,616.1568487693572
ENS pop6 -rho prior,RotatedElliptic,30,5,6593.774563320699
ENS pop6 -rho prior,RotatedElliptic,30,6,8169.7806556121595
ENS pop6 -rho prior,RotatedElliptic,30,7,3618.232348257083
ENS pop6 -rho prior,RotatedElliptic,30,8,8725.782638687122
ENS pop6 -rho prior,RotatedElliptic,30,9,6093.288123568305
ENS pop6 -rho prior,RotatedElliptic,30,10,18905.56028294398
ENS pop6 -rho prior,RotatedElliptic,30,11,3983.027587434797
ENS pop6 -rho prior,RotatedElliptic,30,12,5476.910585246611
ENS pop6 -rho prior,RotatedElliptic,30,13,26291.350306724344
ENS pop6 -rho prior,RotatedElliptic,30,14,2175.5536887131834
ENS pop6 -rho prior,Schwefel,30,0,0.00038182698881428223
ENS pop6 -rho prior,Schwefel,30,1,0.00038182698881428223
ENS pop6 -rho prior,Schwefel,30,2,0.00038182698881428223
ENS pop6 -rho prior,Schwefel,30,3,0.00038182698881428223
ENS pop6 -rho prior,Schwefel,30,4,0.00038182698881428223
ENS pop6 -rho prior,Schwefel,30,5,0.00038182698881428223
ENS pop6 -rho prior,Schwefel,30,6,0.00038182698881428223
ENS pop6 -rho prior,Schwefel,30,7,0.00038182698881428223
ENS pop6 -rho prior,Schwefel,30,8,0.00038182698881428223
ENS pop6 -rho prior,Schwefel,30,9,0.00038182698881428223
ENS pop6 -rho prior,Schwefel,30,10,0.00038182698881428223
ENS pop6 -rho prior,Schwefel,30,11,0.00038182698881428223
ENS pop6 -rho prior,Schwefel,30,12,0.00038182698881428223
ENS pop6 -rho prior,Schwefel,30,13,0.00038182698881428223
ENS pop6 -rho prior,Schwefel,30,14,0.00038182698881428223
ENS pop6 -rho prior,Zakharov,30,0,1.1051658579563572e-17
ENS pop6 -rho prior,Zakharov,30,1,4.3924947766911386e-17
ENS pop6 -rho prior,Zakharov,30,2,1.7977349255066723e-16
ENS pop6 -rho prior,Zakharov,30,3,4.442371545911253e-18
ENS pop6 -rho prior,Zakharov,30,4,3.7000642438921165e-16
ENS pop6 -rho prior,Zakharov,30,5,2.4220161217737337e-17
ENS pop6 -rho prior,Zakharov,30,6,1.4451739668169907e-18
ENS pop6 -rho prior,Zakharov,30,7,1.8307375800840528e-17
ENS pop6 -rho prior,Zakharov,30,8,2.433209968858303e-17
ENS pop6 -rho prior,Zakharov,30,9,1.9366757307813123e-17
ENS pop6 -rho prior,Zakharov,30,10,8.57109442474083e-17
ENS pop6 -rho prior,Zakharov,30,11,3.164217522934631e-17
ENS pop6 -rho prior,Zakharov,30,12,2.2950824475352963e-17
ENS pop6 -rho prior,Zakharov,30,13,4.418325355877297e-17
ENS pop6 -rho prior,Zakharov,30,14,1.0200445763940292e-16
L-SHADE,Ackley,30,0,1.8194334927557065e-12
L-SHADE,Ackley,30,1,2.8532731732866523e-12
L-SHADE,Ackley,30,2,1.318500864044836e-12
L-SHADE,Ackley,30,3,4.096722960866828e-12
L-SHADE,Ackley,30,4,1.830091633792108e-12
L-SHADE,Ackley,30,5,1.2119194536808209e-12
L-SHADE,Ackley,30,6,3.709477169877573e-12
L-SHADE,Ackley,30,7,1.496136547984861e-12
L-SHADE,Ackley,30,8,2.856825886965453e-12
L-SHADE,Ackley,30,9,7.251976796851523e-13
L-SHADE,Ackley,30,10,1.0378364834195963e-12
L-SHADE,Ackley,30,11,2.934985587899064e-12
L-SHADE,Ackley,30,12,2.4908963780490012e-12
L-SHADE,Ackley,30,13,3.716582597235174e-12
L-SHADE,Ackley,30,14,1.2758682998992299e-12
L-SHADE,BentCigar,30,0,1.2473361006950348e-15
L-SHADE,BentCigar,30,1,8.094024181219211e-15
L-SHADE,BentCigar,30,2,1.2990728834267135e-16
L-SHADE,BentCigar,30,3,2.5690076555878455e-14
L-SHADE,BentCigar,30,4,7.435108189192803e-14
L-SHADE,BentCigar,30,5,7.906660631321247e-16
L-SHADE,BentCigar,30,6,1.1978065178325423e-14
L-SHADE,BentCigar,30,7,7.963605846745719e-15
L-SHADE,BentCigar,30,8,6.0810850467363346e-15
L-SHADE,BentCigar,30,9,5.037253827396887e-14
L-SHADE,BentCigar,30,10,1.4102691700015193e-14
L-SHADE,BentCigar,30,11,6.54183629280618e-15
L-SHADE,BentCigar,30,12,2.0347482119707486e-15
L-SHADE,BentCigar,30,13,1.0730320903753152e-13
L-SHADE,BentCigar,30,14,7.242833233255767e-16
L-SHADE,Composition,30,0,8.066880496950749e-13
L-SHADE,Composition,30,1,1.4005019367172018e-11
L-SHADE,Composition,30,2,1.852962228112261e-12
L-SHADE,Composition,30,3,3.4037217489392513e-12
L-SHADE,Composition,30,4,5.181854945236142e-12
L-SHADE,Composition,30,5,7.320810624398392e-13
L-SHADE,Composition,30,6,2.6203483827460267e-12
L-SHADE,Composition,30,7,4.18354240145815e-12
L-SHADE,Composition,30,8,2.7020607973600906e-12
L-SHADE,Composition,30,9,3.632871781227935e-12
L-SHADE,Composition,30,10,4.1373571236323e-12
L-SHADE,Composition,30,11,1.0521583604787738e-11
L-SHADE,Composition,30,12,1.153077633380666e-12
L-SHADE,Composition,30,13,5.082378962225923e-12
L-SHADE,Composition,30,14,1.6806556146881412e-12
L-SHADE,DynamicSphere,30,0,1.3103562276341325
L-SHADE,DynamicSphere,30,1,1.3834599314945792
L-SHADE,DynamicSphere,30,2,1.3215362312654753
L-SHADE,DynamicSphere,30,3,1.1247802728817038
L-SHADE,DynamicSphere,30,4,1.0387525336201842
L-SHADE,DynamicSphere,30,5,1.9976285373965093
L-SHADE,DynamicSphere,30,6,0.9909390651097054
L-SHADE,DynamicSphere,30,7,0.9488127003756575
L-SHADE,DynamicSphere,30,8,0.9086082502184607
L-SHADE,DynamicSphere,30,9,1.0588897042776877
L-SHADE,DynamicSphere,30,10,1.3328986375398122
L-SHADE,DynamicSphere,30,11,1.807475658358339
L-SHADE,DynamicSphere,30,12,0.7978097702767997
L-SHADE,DynamicSphere,30,13,0.9366127015371762
L-SHADE,DynamicSphere,30,14,1.530416354671121
L-SHADE,Griewank,30,0,0.0
L-SHADE,Griewank,30,1,0.0
L-SHADE,Griewank,30,2,0.0
L-SHADE,Griewank,30,3,0.0
L-SHADE,Griewank,30,4,1.1102230246251565e-16
L-SHADE,Griewank,30,5,0.0
L-SHADE,Griewank,30,6,0.0
L-SHADE,Griewank,30,7,0.0
L-SHADE,Griewank,30,8,0.0
L-SHADE,Griewank,30,9,0.0
L-SHADE,Griewank,30,10,1.1102230246251565e-16
L-SHADE,Griewank,30,11,0.0
L-SHADE,Griewank,30,12,0.0
L-SHADE,Griewank,30,13,0.0
L-SHADE,Griewank,30,14,0.0
L-SHADE,Levy,30,0,3.215833777169537e-23
L-SHADE,Levy,30,1,1.8282083263820355e-24
L-SHADE,Levy,30,2,3.520623325949833e-24
L-SHADE,Levy,30,3,4.814993837933921e-24
L-SHADE,Levy,30,4,1.2591075860335315e-24
L-SHADE,Levy,30,5,7.477307304524614e-24
L-SHADE,Levy,30,6,1.2639027274598432e-23
L-SHADE,Levy,30,7,1.0502290086661212e-23
L-SHADE,Levy,30,8,3.8462747294688796e-23
L-SHADE,Levy,30,9,2.733183815405579e-24
L-SHADE,Levy,30,10,9.35039689416554e-24
L-SHADE,Levy,30,11,9.213080571422006e-24
L-SHADE,Levy,30,12,4.6375595851882566e-24
L-SHADE,Levy,30,13,2.5471159839572187e-24
L-SHADE,Levy,30,14,4.736607501700112e-23
L-SHADE,NoisyRastrigin,30,0,1.4458021391464655
L-SHADE,NoisyRastrigin,30,1,1.6683884317543463
L-SHADE,NoisyRastrigin,30,2,1.4850248355680549
L-SHADE,NoisyRastrigin,30,3,1.7722947707410643
L-SHADE,NoisyRastrigin,30,4,2.281458495774384
L-SHADE,NoisyRastrigin,30,5,1.4363536410123476
L-SHADE,NoisyRastrigin,30,6,0.9876171548996808
L-SHADE,NoisyRastrigin,30,7,1.5047809605346085
L-SHADE,NoisyRastrigin,30,8,1.4235177698805153
L-SHADE,NoisyRastrigin,30,9,2.172639007264525
L-SHADE,NoisyRastrigin,30,10,1.6521202165875977
L-SHADE,NoisyRastrigin,30,11,2.338623885870607
L-SHADE,NoisyRastrigin,30,12,1.8456146530415811
L-SHADE,NoisyRastrigin,30,13,0.6290454109779784
L-SHADE,NoisyRastrigin,30,14,2.061405811054943
L-SHADE,NoisySphere,30,0,0.017333856057253016
L-SHADE,NoisySphere,30,1,0.01609511080789075
L-SHADE,NoisySphere,30,2,0.010170765160462884
L-SHADE,NoisySphere,30,3,0.01758541315349972
L-SHADE,NoisySphere,30,4,0.011644951507610947
L-SHADE,NoisySphere,30,5,0.0133722296695964
L-SHADE,NoisySphere,30,6,0.009962135997192713
L-SHADE,NoisySphere,30,7,0.009371713811404501
L-SHADE,NoisySphere,30,8,0.009293872797427888
L-SHADE,NoisySphere,30,9,0.014855985341306636
L-SHADE,NoisySphere,30,10,0.02000561180609564
L-SHADE,NoisySphere,30,11,0.012619800108435365
L-SHADE,NoisySphere,30,12,0.01299610220222283
L-SHADE,NoisySphere,30,13,0.011520456592373893
L-SHADE,NoisySphere,30,14,0.014195318388917843
L-SHADE,Rosenbrock,30,0,13.78315286998967
L-SHADE,Rosenbrock,30,1,14.890698945625852
L-SHADE,Rosenbrock,30,2,13.436475538459524
L-SHADE,Rosenbrock,30,3,14.096463137411583
L-SHADE,Rosenbrock,30,4,13.527591218930647
L-SHADE,Rosenbrock,30,5,13.950263547792302
L-SHADE,Rosenbrock,30,6,13.07531978071523
L-SHADE,Rosenbrock,30,7,13.315940923284378
L-SHADE,Rosenbrock,30,8,13.844501093578735
L-SHADE,Rosenbrock,30,9,14.733301621559406
L-SHADE,Rosenbrock,30,10,13.357864050190349
L-SHADE,Rosenbrock,30,11,13.552302233235768
L-SHADE,Rosenbrock,30,12,12.955680042155524
L-SHADE,Rosenbrock,30,13,13.537083905977799
L-SHADE,Rosenbrock,30,14,11.584078567745237
L-SHADE,RotatedElliptic,30,0,1351.0779536930627
L-SHADE,RotatedElliptic,30,1,330.9596477469057
L-SHADE,RotatedElliptic,30,2,248.81169376187887
L-SHADE,RotatedElliptic,30,3,3003.9863587066297
L-SHADE,RotatedElliptic,30,4,2997.15622977601
L-SHADE,RotatedElliptic,30,5,1279.4882446768704
L-SHADE,RotatedElliptic,30,6,1610.0345675306187
L-SHADE,RotatedElliptic,30,7,402.08260390931866
L-SHADE,RotatedElliptic,30,8,13608.152576131555
L-SHADE,RotatedElliptic,30,9,1131.3607140997574
L-SHADE,RotatedElliptic,30,10,403.57980542054446
L-SHADE,RotatedElliptic,30,11,2373.9168922819827
L-SHADE,RotatedElliptic,30,12,2843.009466353316
L-SHADE,RotatedElliptic,30,13,2454.672725244422
L-SHADE,RotatedElliptic,30,14,641.2119095746799
L-SHADE,Schwefel,30,0,0.02938878954410029
L-SHADE,Schwefel,30,1,0.11414065694043529
L-SHADE,Schwefel,30,2,0.0706525589193916
L-SHADE,Schwefel,30,3,0.019127913679767516
L-SHADE,Schwefel,30,4,0.11958579384554469
L-SHADE,Schwefel,30,5,0.007458872139977757
L-SHADE,Schwefel,30,6,0.0241045856182609
L-SHADE,Schwefel,30,7,0.05310624417870713
L-SHADE,Schwefel,30,8,0.10505209885559452
L-SHADE,Schwefel,30,9,0.15446099424116255
L-SHADE,Schwefel,30,10,0.03892071751579351
L-SHADE,Schwefel,30,11,0.34349345355622063
L-SHADE,Schwefel,30,12,0.08276104455762834
L-SHADE,Schwefel,30,13,0.09063575212348951
L-SHADE,Schwefel,30,14,0.03578579495660961
L-SHADE,Zakharov,30,0,2.6400886183443965e-09
L-SHADE,Zakharov,30,1,3.1870981369765356e-09
L-SHADE,Zakharov,30,2,1.7612188775354925e-09
L-SHADE,Zakharov,30,3,1.4851958967024992e-09
L-SHADE,Zakharov,30,4,3.7918978731713145e-10
L-SHADE,Zakharov,30,5,1.1409751451143675e-09
L-SHADE,Zakharov,30,6,7.576817643907081e-10
L-SHADE,Zakharov,30,7,2.5034074891701266e-10
L-SHADE,Zakharov,30,8,8.578900642658734e-10
L-SHADE,Zakharov,30,9,8.162414059719166e-11
L-SHADE,Zakharov,30,10,7.671685055492796e-09
L-SHADE,Zakharov,30,11,3.61410823406744e-10
L-SHADE,Zakharov,30,12,2.147676261840661e-10
L-SHADE,Zakharov,30,13,5.2328342656975774e-09
L-SHADE,Zakharov,30,14,1.3937359918659459e-09
jSO,Ackley,30,0,8.815170815523743e-13
jSO,Ackley,30,1,4.303224443447107e-13
jSO,Ackley,30,2,7.505107646466058e-14
jSO,Ackley,30,3,1.1550760348200129e-12
jSO,Ackley,30,4,2.8821389719269064e-13
jSO,Ackley,30,5,2.313704783318826e-13
jSO,Ackley,30,6,1.1057821325266559e-13
jSO,Ackley,30,7,1.745270594710746e-13
jSO,Ackley,30,8,1.745270594710746e-13
jSO,Ackley,30,9,2.349231920106831e-13
jSO,Ackley,30,10,1.1057821325266559e-13
jSO,Ackley,30,11,8.317790900491673e-13
jSO,Ackley,30,12,1.7128520823916915e-12
jSO,Ackley,30,13,5.155875726359227e-13
jSO,Ackley,30,14,5.262457136723242e-13
jSO,BentCigar,30,0,1.361681213106249e-16
jSO,BentCigar,30,1,5.624005502264454e-17
jSO,BentCigar,30,2,9.18949205403215e-17
jSO,BentCigar,30,3,1.7338443292089206e-18
jSO,BentCigar,30,4,5.547584120571929e-17
jSO,BentCigar,30,5,9.360619416827974e-19
jSO,BentCigar,30,6,1.1528328679542215e-18
jSO,BentCigar,30,7,9.064543741348921e-18
jSO,BentCigar,30,8,7.124859062102994e-17
jSO,BentCigar,30,9,4.0676148197523045e-16
jSO,BentCigar,30,10,5.194241599714875e-18
jSO,BentCigar,30,11,7.123769770135514e-19
jSO,BentCigar,30,12,1.3612707177587562e-19
jSO,BentCigar,30,13,9.966321177906903e-18
jSO,BentCigar,30,14,2.5542867099128393e-18
jSO,Composition,30,0,3.359534872519952e-13
jSO,Composition,30,1,4.922728891197018e-13
jSO,Composition,30,2,3.53717055646042e-13
jSO,Composition,30,3,3.714806240400925e-13
jSO,Composition,30,4,1.584732345359358e-12
jSO,Composition,30,5,1.4055423491761754e-13
jSO,Composition,30,6,4.0700776082819964e-13
jSO,Composition,30,7,2.648992136758254e-13
jSO,Composition,30,8,2.151612221725294e-13
jSO,Composition,30,9,5.722089468930324e-13
jSO,Composition,30,10,3.803624082371203e-13
jSO,Composition,30,11,1.796340853844708e-13
jSO,Composition,30,12,2.453592884423824e-13
jSO,Composition,30,13,5.633271626959904e-13
jSO,Composition,30,14,2.435829316029807e-13
jSO,DynamicSphere,30,0,1.0251258675223887
jSO,DynamicSphere,30,1,1.2887387391536433
jSO,DynamicSphere,30,2,1.2118978523293558
jSO,DynamicSphere,30,3,1.2508364170419701
jSO,DynamicSphere,30,4,0.6926232512132624
jSO,DynamicSphere,30,5,1.040966378926618
jSO,DynamicSphere,30,6,1.0933492125299444
jSO,DynamicSphere,30,7,0.8684532976753766
jSO,DynamicSphere,30,8,1.0431898367268186
jSO,DynamicSphere,30,9,1.5063640337369806
jSO,DynamicSphere,30,10,1.294535011921086
jSO,DynamicSphere,30,11,1.2048353390065059
jSO,DynamicSphere,30,12,1.6438395702963975
jSO,DynamicSphere,30,13,0.9927739500017223
jSO,DynamicSphere,30,14,0.9812819763750213
jSO,Griewank,30,0,0.0
jSO,Griewank,30,1,0.0
jSO,Griewank,30,2,0.0
jSO,Griewank,30,3,0.0
jSO,Griewank,30,4,0.0
jSO,Griewank,30,5,0.0
jSO,Griewank,30,6,0.0
jSO,Griewank,30,7,0.0
jSO,Griewank,30,8,0.0
jSO,Griewank,30,9,0.0
jSO,Griewank,30,10,0.0
jSO,Griewank,30,11,0.0
jSO,Griewank,30,12,0.0
jSO,Griewank,30,13,0.0
jSO,Griewank,30,14,0.0
jSO,Levy,30,0,1.903896714559949e-24
jSO,Levy,30,1,3.719849176979168e-25
jSO,Levy,30,2,1.0062424975430347e-24
jSO,Levy,30,3,1.5132149496510322e-25
jSO,Levy,30,4,3.8948515812574846e-24
jSO,Levy,30,5,1.05397861272814e-25
jSO,Levy,30,6,1.7078635677329477e-25
jSO,Levy,30,7,6.091627372155408e-25
jSO,Levy,30,8,1.3441496091817386e-25
jSO,Levy,30,9,1.8044626495759986e-25
jSO,Levy,30,10,6.717677236716187e-25
jSO,Levy,30,11,1.2877079003657653e-25
jSO,Levy,30,12,2.5858384219875393e-25
jSO,Levy,30,13,9.539455011672953e-26
jSO,Levy,30,14,2.1060587695898437e-25
jSO,NoisyRastrigin,30,0,4.529922051836847
jSO,NoisyRastrigin,30,1,2.9995211269426285
jSO,NoisyRastrigin,30,2,4.134091315359777
jSO,NoisyRastrigin,30,3,3.8983451952845876
jSO,NoisyRastrigin,30,4,5.17095414880316
jSO,NoisyRastrigin,30,5,1.9529617098632173
jSO,NoisyRastrigin,30,6,3.9310879337477758
jSO,NoisyRastrigin,30,7,4.129021397208977
jSO,NoisyRastrigin,30,8,6.132421466970698
jSO,NoisyRastrigin,30,9,5.015113045144609
jSO,NoisyRastrigin,30,10,6.850989029320981
jSO,NoisyRastrigin,30,11,1.1751741375906697
jSO,NoisyRastrigin,30,12,4.200958228225746
jSO,NoisyRastrigin,30,13,7.09870993277036
jSO,NoisyRastrigin,30,14,8.368559598629961
jSO,NoisySphere,30,0,0.007510746785821546
jSO,NoisySphere,30,1,0.007033905914511928
jSO,NoisySphere,30,2,0.007848972403115434
jSO,NoisySphere,30,3,0.005471558157342238
jSO,NoisySphere,30,4,0.005578527057224432
jSO,NoisySphere,30,5,0.011051707064906465
jSO,NoisySphere,30,6,0.014700747395811398
jSO,NoisySphere,30,7,0.010529541809749654
jSO,NoisySphere,30,8,0.007571018679692926
jSO,NoisySphere,30,9,0.010971818174532072
jSO,NoisySphere,30,10,0.007126824541670549
jSO,NoisySphere,30,11,0.008780732221960566
jSO,NoisySphere,30,12,0.014025221003769604
jSO,NoisySphere,30,13,0.006556030860376928
jSO,NoisySphere,30,14,0.01161274303935061
jSO,Rosenbrock,30,0,12.41688105490943
jSO,Rosenbrock,30,1,12.2376987558167
jSO,Rosenbrock,30,2,12.89408847490963
jSO,Rosenbrock,30,3,12.823891269296467
jSO,Rosenbrock,30,4,12.750171927010069
jSO,Rosenbrock,30,5,12.667246399759861
jSO,Rosenbrock,30,6,11.931610700352165
jSO,Rosenbrock,30,7,13.684856224107163
jSO,Rosenbrock,30,8,12.543923292559706
jSO,Rosenbrock,30,9,12.29949554332358
jSO,Rosenbrock,30,10,13.419220073463567
jSO,Rosenbrock,30,11,12.384111695601216
jSO,Rosenbrock,30,12,11.75914359374556
jSO,Rosenbrock,30,13,11.929317503982903
jSO,Rosenbrock,30,14,13.084604886881376
jSO,RotatedElliptic,30,0,254.89856584063966
jSO,RotatedElliptic,30,1,312.26878740469215
jSO,RotatedElliptic,30,2,2133.3225769130845
jSO,RotatedElliptic,30,3,1623.0779087358433
jSO,RotatedElliptic,30,4,247.75096419821764
jSO,RotatedElliptic,30,5,518.1013936619505
jSO,RotatedElliptic,30,6,66.49308870569557
jSO,RotatedElliptic,30,7,204.79122110050042
jSO,RotatedElliptic,30,8,3165.0187700041442
jSO,RotatedElliptic,30,9,567.6038721944141
jSO,RotatedElliptic,30,10,1205.7498749033684
jSO,RotatedElliptic,30,11,109.22663842486648
jSO,RotatedElliptic,30,12,67.08353556858877
jSO,RotatedElliptic,30,13,779.0624198527782
jSO,RotatedElliptic,30,14,1201.6241557335914
jSO,Schwefel,30,0,3.7702991887745156
jSO,Schwefel,30,1,4.552893592759574
jSO,Schwefel,30,2,0.4155575696113374
jSO,Schwefel,30,3,2.9222769302414235
jSO,Schwefel,30,4,0.4848870561399963
jSO,Schwefel,30,5,21.73722249576349
jSO,Schwefel,30,6,3.007869053782997
jSO,Schwefel,30,7,1.0133403158597503
jSO,Schwefel,30,8,2.053158516262556
jSO,Schwefel,30,9,0.9316833441989729
jSO,Schwefel,30,10,6.011260908222539
jSO,Schwefel,30,11,8.376353003583063
jSO,Schwefel,30,12,0.14051645212930453
jSO,Schwefel,30,13,0.39848790963696956
jSO,Schwefel,30,14,2.994181592244786
jSO,Zakharov,30,0,3.259600358814835e-10
jSO,Zakharov,30,1,4.629813501208449e-11
jSO,Zakharov,30,2,2.802221217352911e-10
jSO,Zakharov,30,3,4.5763912046286064e-10
jSO,Zakharov,30,4,2.494707342506397e-10
jSO,Zakharov,30,5,6.787659416686145e-10
jSO,Zakharov,30,6,2.2525478602049343e-10
jSO,Zakharov,30,7,1.6024528227771712e-10
jSO,Zakharov,30,8,1.0328510838760501e-09
jSO,Zakharov,30,9,6.934791477555058e-10
jSO,Zakharov,30,10,3.095465349358685e-11
jSO,Zakharov,30,11,5.724284742195267e-10
jSO,Zakharov,30,12,1.9257692258498843e-10
jSO,Zakharov,30,13,3.034969860429773e-09
jSO,Zakharov,30,14,1.919857042387524e-09
LSHADE-cnEpSin,Ackley,30,0,4.836131495267182e-13
LSHADE-cnEpSin,Ackley,30,1,1.0946799022804043e-12
LSHADE-cnEpSin,Ackley,30,2,5.475619957451272e-13
LSHADE-cnEpSin,Ackley,30,3,2.5623947408348613e-13
LSHADE-cnEpSin,Ackley,30,4,3.0242475190789264e-13
LSHADE-cnEpSin,Ackley,30,5,2.1715962361668062e-13
LSHADE-cnEpSin,Ackley,30,6,1.1088907569956064e-12
LSHADE-cnEpSin,Ackley,30,7,7.145395386487507e-13
LSHADE-cnEpSin,Ackley,30,8,2.9172220195050613e-12
LSHADE-cnEpSin,Ackley,30,9,1.745270594710746e-13
LSHADE-cnEpSin,Ackley,30,10,1.780797731498751e-13
LSHADE-cnEpSin,Ackley,30,11,1.816324868286756e-13
LSHADE-cnEpSin,Ackley,30,12,1.1124434706744069e-12
LSHADE-cnEpSin,Ackley,30,13,5.901945598907332e-13
LSHADE-cnEpSin,Ackley,30,14,1.63113966777928e-12
LSHADE-cnEpSin,BentCigar,30,0,3.807600463835219e-17
LSHADE-cnEpSin,BentCigar,30,1,1.18715300211136e-16
LSHADE-cnEpSin,BentCigar,30,2,1.3238515182002503e-17
LSHADE-cnEpSin,BentCigar,30,3,2.5483656503601923e-17
LSHADE-cnEpSin,BentCigar,30,4,1.9545112307456984e-15
LSHADE-cnEpSin,BentCigar,30,5,6.432390391096679e-18
LSHADE-cnEpSin,BentCigar,30,6,2.7772796161224813e-16
LSHADE-cnEpSin,BentCigar,30,7,5.274300515193547e-16
LSHADE-cnEpSin,BentCigar,30,8,1.3639560080362879e-17
LSHADE-cnEpSin,BentCigar,30,9,1.3317784464246363e-15
LSHADE-cnEpSin,BentCigar,30,10,1.2042210621563713e-17
LSHADE-cnEpSin,BentCigar,30,11,9.454959190665788e-17
LSHADE-cnEpSin,BentCigar,30,12,8.247304584249574e-18
LSHADE-cnEpSin,BentCigar,30,13,4.954139203965446e-18
LSHADE-cnEpSin,BentCigar,30,14,2.5394936034618e-17
LSHADE-cnEpSin,Composition,30,0,2.986499936245011e-13
LSHADE-cnEpSin,Composition,30,1,4.443112544557254e-13
LSHADE-cnEpSin,Composition,30,2,7.07212066688094e-13
LSHADE-cnEpSin,Composition,30,3,1.909805646973872e-12
LSHADE-cnEpSin,Composition,30,4,2.1105339698291124e-12
LSHADE-cnEpSin,Composition,30,5,1.1939338406872428e-12
LSHADE-cnEpSin,Composition,30,6,2.4713564528179047e-13
LSHADE-cnEpSin,Composition,30,7,3.0575542098211733e-13
LSHADE-cnEpSin,Composition,30,8,4.549693954921628e-13
LSHADE-cnEpSin,Composition,30,9,4.1588954502523265e-13
LSHADE-cnEpSin,Composition,30,10,6.166178678782364e-13
LSHADE-cnEpSin,Composition,30,11,4.869438186014808e-13
LSHADE-cnEpSin,Composition,30,12,4.1944225870404375e-13
LSHADE-cnEpSin,Composition,30,13,2.206457239158311e-12
LSHADE-cnEpSin,Composition,30,14,6.770140004181403e-13
LSHADE-cnEpSin,DynamicSphere,30,0,0.7559960667770101
LSHADE-cnEpSin,DynamicSphere,30,1,0.5528120312169164
LSHADE-cnEpSin,DynamicSphere,30,2,1.610543961620495
LSHADE-cnEpSin,DynamicSphere,30,3,0.8725485674150246
LSHADE-cnEpSin,DynamicSphere,30,4,0.4383129990422852
LSHADE-cnEpSin,DynamicSphere,30,5,1.2935537964117338
LSHADE-cnEpSin,DynamicSphere,30,6,0.7344933173259786
LSHADE-cnEpSin,DynamicSphere,30,7,1.3991644116250743
LSHADE-cnEpSin,DynamicSphere,30,8,0.8028663941796932
LSHADE-cnEpSin,DynamicSphere,30,9,0.8581764032971227
LSHADE-cnEpSin,DynamicSphere,30,10,0.8397656509503946
LSHADE-cnEpSin,DynamicSphere,30,11,0.8396557657000949
LSHADE-cnEpSin,DynamicSphere,30,12,1.022192469846578
LSHADE-cnEpSin,DynamicSphere,30,13,0.962612880281896
LSHADE-cnEpSin,DynamicSphere,30,14,0.7876517857058285
LSHADE-cnEpSin,Griewank,30,0,0.0
LSHADE-cnEpSin,Griewank,30,1,0.0
LSHADE-cnEpSin,Griewank,30,2,0.0
LSHADE-cnEpSin,Griewank,30,3,0.0
LSHADE-cnEpSin,Griewank,30,4,0.0
LSHADE-cnEpSin,Griewank,30,5,0.0
LSHADE-cnEpSin,Griewank,30,6,0.0
LSHADE-cnEpSin,Griewank,30,7,0.0
LSHADE-cnEpSin,Griewank,30,8,0.0
LSHADE-cnEpSin,Griewank,30,9,0.0
LSHADE-cnEpSin,Griewank,30,10,0.0
LSHADE-cnEpSin,Griewank,30,11,0.0
LSHADE-cnEpSin,Griewank,30,12,0.0
LSHADE-cnEpSin,Griewank,30,13,0.0
LSHADE-cnEpSin,Griewank,30,14,0.0
LSHADE-cnEpSin,Levy,30,0,6.50703013422621e-27
LSHADE-cnEpSin,Levy,30,1,1.877347476259892e-26
LSHADE-cnEpSin,Levy,30,2,2.3939368543049322e-26
LSHADE-cnEpSin,Levy,30,3,8.899682894338814e-25
LSHADE-cnEpSin,Levy,30,4,4.364826942159174e-24
LSHADE-cnEpSin,Levy,30,5,1.681090143704176e-26
LSHADE-cnEpSin,Levy,30,6,3.4078159467919386e-24
LSHADE-cnEpSin,Levy,30,7,7.238523713233144e-25
LSHADE-cnEpSin,Levy,30,8,1.5851503702386877e-25
LSHADE-cnEpSin,Levy,30,9,1.20253253900977e-25
LSHADE-cnEpSin,Levy,30,10,1.4979781565314882e-24
LSHADE-cnEpSin,Levy,30,11,9.702181890309487e-26
LSHADE-cnEpSin,Levy,30,12,1.7765163657763797e-25
LSHADE-cnEpSin,Levy,30,13,5.166265986035011e-25
LSHADE-cnEpSin,Levy,30,14,3.5178596342082863e-26
LSHADE-cnEpSin,NoisyRastrigin,30,0,3.9332328038498225
LSHADE-cnEpSin,NoisyRastrigin,30,1,3.2796673911881893
LSHADE-cnEpSin,NoisyRastrigin,30,2,5.2172714320732805
LSHADE-cnEpSin,NoisyRastrigin,30,3,4.718306374490625
LSHADE-cnEpSin,NoisyRastrigin,30,4,4.264889033555292
LSHADE-cnEpSin,NoisyRastrigin,30,5,3.1475712586141995
LSHADE-cnEpSin,NoisyRastrigin,30,6,6.704156005353257
LSHADE-cnEpSin,NoisyRastrigin,30,7,5.441225913931749
LSHADE-cnEpSin,NoisyRastrigin,30,8,5.330386931342396
LSHADE-cnEpSin,NoisyRastrigin,30,9,3.494206013366277
LSHADE-cnEpSin,NoisyRastrigin,30,10,5.472030949476089
LSHADE-cnEpSin,NoisyRastrigin,30,11,2.317904796184905
LSHADE-cnEpSin,NoisyRastrigin,30,12,3.0554642254426696
LSHADE-cnEpSin,NoisyRastrigin,30,13,4.010303185521444
LSHADE-cnEpSin,NoisyRastrigin,30,14,5.00751050557229
LSHADE-cnEpSin,NoisySphere,30,0,0.014531139564273163
LSHADE-cnEpSin,NoisySphere,30,1,0.012258957226688754
LSHADE-cnEpSin,NoisySphere,30,2,0.009568830061274323
LSHADE-cnEpSin,NoisySphere,30,3,0.006209284878512766
LSHADE-cnEpSin,NoisySphere,30,4,0.0080455774979081
LSHADE-cnEpSin,NoisySphere,30,5,0.00731396484530909
LSHADE-cnEpSin,NoisySphere,30,6,0.010692912687614884
LSHADE-cnEpSin,NoisySphere,30,7,0.010496608500494374
LSHADE-cnEpSin,NoisySphere,30,8,0.007758969287240563
LSHADE-cnEpSin,NoisySphere,30,9,0.008956311204861553
LSHADE-cnEpSin,NoisySphere,30,10,0.008324023923798557
LSHADE-cnEpSin,NoisySphere,30,11,0.007816004970721418
LSHADE-cnEpSin,NoisySphere,30,12,0.010107889126777531
LSHADE-cnEpSin,NoisySphere,30,13,0.005897246295959475
LSHADE-cnEpSin,NoisySphere,30,14,0.011646379642882183
LSHADE-cnEpSin,Rosenbrock,30,0,13.437798223729317
LSHADE-cnEpSin,Rosenbrock,30,1,13.06849203475064
LSHADE-cnEpSin,Rosenbrock,30,2,14.04595332136217
LSHADE-cnEpSin,Rosenbrock,30,3,13.604735248499257
LSHADE-cnEpSin,Rosenbrock,30,4,11.64665084586128
LSHADE-cnEpSin,Rosenbrock,30,5,14.279990965398138
LSHADE-cnEpSin,Rosenbrock,30,6,14.080712907253593
LSHADE-cnEpSin,Rosenbrock,30,7,12.434202769821859
LSHADE-cnEpSin,Rosenbrock,30,8,12.753843595701323
LSHADE-cnEpSin,Rosenbrock,30,9,12.226713382787423
LSHADE-cnEpSin,Rosenbrock,30,10,13.299079627751006
LSHADE-cnEpSin,Rosenbrock,30,11,14.55144046770614
LSHADE-cnEpSin,Rosenbrock,30,12,11.990218894261394
LSHADE-cnEpSin,Rosenbrock,30,13,14.845673299632896
LSHADE-cnEpSin,Rosenbrock,30,14,12.187230419810488
LSHADE-cnEpSin,RotatedElliptic,30,0,0.5977487011490155
LSHADE-cnEpSin,RotatedElliptic,30,1,0.03348537426572311
LSHADE-cnEpSin,RotatedElliptic,30,2,1.6191423209662466
LSHADE-cnEpSin,RotatedElliptic,30,3,0.03832314558823801
LSHADE-cnEpSin,RotatedElliptic,30,4,3.4542799460957725
LSHADE-cnEpSin,RotatedElliptic,30,5,4.956423186347721
LSHADE-cnEpSin,RotatedElliptic,30,6,0.35858621703831467
LSHADE-cnEpSin,RotatedElliptic,30,7,0.020605831880545322
LSHADE-cnEpSin,RotatedElliptic,30,8,113.71194515990362
LSHADE-cnEpSin,RotatedElliptic,30,9,0.02672518731341979
LSHADE-cnEpSin,RotatedElliptic,30,10,0.4219303789274817
LSHADE-cnEpSin,RotatedElliptic,30,11,0.01375907571840854
LSHADE-cnEpSin,RotatedElliptic,30,12,0.8479661806350697
LSHADE-cnEpSin,RotatedElliptic,30,13,0.051011827792437674
LSHADE-cnEpSin,RotatedElliptic,30,14,0.17245996269868896
LSHADE-cnEpSin,Schwefel,30,0,161.6413766659207
LSHADE-cnEpSin,Schwefel,30,1,10.939912199321043
LSHADE-cnEpSin,Schwefel,30,2,0.9552352264508954
LSHADE-cnEpSin,Schwefel,30,3,5.482860976144366
LSHADE-cnEpSin,Schwefel,30,4,49.69522399930247
LSHADE-cnEpSin,Schwefel,30,5,8.839887198775614
LSHADE-cnEpSin,Schwefel,30,6,3.6715676267285744
LSHADE-cnEpSin,Schwefel,30,7,9.274340776186364
LSHADE-cnEpSin,Schwefel,30,8,0.3213388458098052
LSHADE-cnEpSin,Schwefel,30,9,1.8266665858918714
LSHADE-cnEpSin,Schwefel,30,10,3.7766357834461814
LSHADE-cnEpSin,Schwefel,30,11,6.1703738740616245
LSHADE-cnEpSin,Schwefel,30,12,2.235126295092414
LSHADE-cnEpSin,Schwefel,30,13,12.04921389141964
LSHADE-cnEpSin,Schwefel,30,14,2.806049873403026
LSHADE-cnEpSin,Zakharov,30,0,3.270667834810404e-13
LSHADE-cnEpSin,Zakharov,30,1,3.575147603850181e-12
LSHADE-cnEpSin,Zakharov,30,2,3.388120585106394e-13
LSHADE-cnEpSin,Zakharov,30,3,1.0679876301177113e-12
LSHADE-cnEpSin,Zakharov,30,4,7.132546633272393e-14
LSHADE-cnEpSin,Zakharov,30,5,1.4761106587619246e-12
LSHADE-cnEpSin,Zakharov,30,6,4.958285974048098e-12
LSHADE-cnEpSin,Zakharov,30,7,7.214772752596347e-14
LSHADE-cnEpSin,Zakharov,30,8,4.475827367157824e-13
LSHADE-cnEpSin,Zakharov,30,9,1.0482410444424235e-12
LSHADE-cnEpSin,Zakharov,30,10,8.781424579676097e-14
LSHADE-cnEpSin,Zakharov,30,11,5.291886034489113e-14
LSHADE-cnEpSin,Zakharov,30,12,2.7303787272656954e-12
LSHADE-cnEpSin,Zakharov,30,13,4.3000182688293416e-12
LSHADE-cnEpSin,Zakharov,30,14,7.471082085000155e-13
SHADE,Ackley,30,0,3.9968028886505635e-15
SHADE,Ackley,30,1,3.9968028886505635e-15
SHADE,Ackley,30,2,7.549516567451064e-15
SHADE,Ackley,30,3,3.9968028886505635e-15
SHADE,Ackley,30,4,7.549516567451064e-15
SHADE,Ackley,30,5,7.549516567451064e-15
SHADE,Ackley,30,6,7.549516567451064e-15
SHADE,Ackley,30,7,7.549516567451064e-15
SHADE,Ackley,30,8,7.549516567451064e-15
SHADE,Ackley,30,9,7.549516567451064e-15
SHADE,Ackley,30,10,7.549516567451064e-15
SHADE,Ackley,30,11,7.549516567451064e-15
SHADE,Ackley,30,12,7.549516567451064e-15
SHADE,Ackley,30,13,7.549516567451064e-15
SHADE,Ackley,30,14,7.549516567451064e-15
SHADE,BentCigar,30,0,0.0
SHADE,BentCigar,30,1,0.0
SHADE,BentCigar,30,2,0.0
SHADE,BentCigar,30,3,0.0
SHADE,BentCigar,30,4,0.0
SHADE,BentCigar,30,5,0.0
SHADE,BentCigar,30,6,0.0
SHADE,BentCigar,30,7,0.0
SHADE,BentCigar,30,8,0.0
SHADE,BentCigar,30,9,0.0
SHADE,BentCigar,30,10,0.0
SHADE,BentCigar,30,11,0.0
SHADE,BentCigar,30,12,0.0
SHADE,BentCigar,30,13,0.0
SHADE,BentCigar,30,14,0.0
SHADE,Composition,30,0,2.220446049250313e-16
SHADE,Composition,30,1,2.220446049250313e-16
SHADE,Composition,30,2,2.220446049250313e-16
SHADE,Composition,30,3,2.220446049250313e-16
SHADE,Composition,30,4,2.220446049250313e-16
SHADE,Composition,30,5,2.220446049250313e-16
SHADE,Composition,30,6,2.220446049250313e-16
SHADE,Composition,30,7,2.220446049250313e-16
SHADE,Composition,30,8,2.220446049250313e-16
SHADE,Composition,30,9,2.220446049250313e-16
SHADE,Composition,30,10,2.220446049250313e-16
SHADE,Composition,30,11,2.220446049250313e-16
SHADE,Composition,30,12,2.220446049250313e-16
SHADE,Composition,30,13,2.220446049250313e-16
SHADE,Composition,30,14,2.220446049250313e-16
SHADE,DynamicSphere,30,0,1.9314717396260337
SHADE,DynamicSphere,30,1,1.3502695097985522
SHADE,DynamicSphere,30,2,2.4387699058121344
SHADE,DynamicSphere,30,3,2.3234621000960356
SHADE,DynamicSphere,30,4,2.169610586838542
SHADE,DynamicSphere,30,5,1.673609272028075
SHADE,DynamicSphere,30,6,2.345048930898461
SHADE,DynamicSphere,30,7,2.123039489518795
SHADE,DynamicSphere,30,8,1.9391750504863239
SHADE,DynamicSphere,30,9,1.8852388964026037
SHADE,DynamicSphere,30,10,2.260803873814934
SHADE,DynamicSphere,30,11,1.6869974528882594
SHADE,DynamicSphere,30,12,2.3698307380434764
SHADE,DynamicSphere,30,13,1.9733989571501551
SHADE,DynamicSphere,30,14,2.2465661624031483
SHADE,Griewank,30,0,0.0
SHADE,Griewank,30,1,0.0
SHADE,Griewank,30,2,0.0
SHADE,Griewank,30,3,0.0
SHADE,Griewank,30,4,0.0
SHADE,Griewank,30,5,0.0
SHADE,Griewank,30,6,0.0
SHADE,Griewank,30,7,0.0
SHADE,Griewank,30,8,0.0
SHADE,Griewank,30,9,0.0
SHADE,Griewank,30,10,0.0
SHADE,Griewank,30,11,0.0
SHADE,Griewank,30,12,0.0
SHADE,Griewank,30,13,0.0
SHADE,Griewank,30,14,0.0
SHADE,Levy,30,0,1.4997597826618576e-32
SHADE,Levy,30,1,1.4997597826618576e-32
SHADE,Levy,30,2,1.4997597826618576e-32
SHADE,Levy,30,3,1.4997597826618576e-32
SHADE,Levy,30,4,1.4997597826618576e-32
SHADE,Levy,30,5,1.4997597826618576e-32
SHADE,Levy,30,6,1.4997597826618576e-32
SHADE,Levy,30,7,1.4997597826618576e-32
SHADE,Levy,30,8,1.4997597826618576e-32
SHADE,Levy,30,9,1.4997597826618576e-32
SHADE,Levy,30,10,1.4997597826618576e-32
SHADE,Levy,30,11,1.4997597826618576e-32
SHADE,Levy,30,12,1.4997597826618576e-32
SHADE,Levy,30,13,1.4997597826618576e-32
SHADE,Levy,30,14,1.4997597826618576e-32
SHADE,NoisyRastrigin,30,0,12.445699884386833
SHADE,NoisyRastrigin,30,1,15.098296151417278
SHADE,NoisyRastrigin,30,2,13.676719079082126
SHADE,NoisyRastrigin,30,3,11.76117649872647
SHADE,NoisyRastrigin,30,4,12.162971502187593
SHADE,NoisyRastrigin,30,5,10.715104787162588
SHADE,NoisyRastrigin,30,6,15.961047362663924
SHADE,NoisyRastrigin,30,7,12.231433590600908
SHADE,NoisyRastrigin,30,8,12.106922523527503
SHADE,NoisyRastrigin,30,9,15.17577105054302
SHADE,NoisyRastrigin,30,10,13.814954555424316
SHADE,NoisyRastrigin,30,11,13.616346806815487
SHADE,NoisyRastrigin,30,12,12.187342212529769
SHADE,NoisyRastrigin,30,13,11.838811181241343
SHADE,NoisyRastrigin,30,14,11.876618293566018
SHADE,NoisySphere,30,0,0.012162007428114227
SHADE,NoisySphere,30,1,0.006553179280815277
SHADE,NoisySphere,30,2,0.010263213861104781
SHADE,NoisySphere,30,3,0.011509264765748364
SHADE,NoisySphere,30,4,0.012137586493223454
SHADE,NoisySphere,30,5,0.012993855775015908
SHADE,NoisySphere,30,6,0.014347440733933016
SHADE,NoisySphere,30,7,0.010864153963639926
SHADE,NoisySphere,30,8,0.013210523479809036
SHADE,NoisySphere,30,9,0.008305334917080165
SHADE,NoisySphere,30,10,0.014368732513212365
SHADE,NoisySphere,30,11,0.009348543226364107
SHADE,NoisySphere,30,12,0.007644041113548385
SHADE,NoisySphere,30,13,0.013608382708857029
SHADE,NoisySphere,30,14,0.009612175031726036
SHADE,Rosenbrock,30,0,0.5176518921743972
SHADE,Rosenbrock,30,1,0.8733792457915699
SHADE,Rosenbrock,30,2,0.5927366388760421
SHADE,Rosenbrock,30,3,1.0299405653259361
SHADE,Rosenbrock,30,4,0.27219861729830713
SHADE,Rosenbrock,30,5,0.9517601062255381
SHADE,Rosenbrock,30,6,1.7730773017764911
SHADE,Rosenbrock,30,7,0.9738235860327642
SHADE,Rosenbrock,30,8,0.7189128214123252
SHADE,Rosenbrock,30,9,2.295154315658017
SHADE,Rosenbrock,30,10,0.9315612351266866
SHADE,Rosenbrock,30,11,0.004117986594496847
SHADE,Rosenbrock,30,12,0.6901428652603159
SHADE,Rosenbrock,30,13,0.07179496033853565
SHADE,Rosenbrock,30,14,0.47407578052627386
SHADE,RotatedElliptic,30,0,61178.05688433331
SHADE,RotatedElliptic,30,1,80526.64061265199
SHADE,RotatedElliptic,30,2,40836.734810588256
SHADE,RotatedElliptic,30,3,151690.7053369079
SHADE,RotatedElliptic,30,4,118567.61979860422
SHADE,RotatedElliptic,30,5,87599.65956536931
SHADE,RotatedElliptic,30,6,84903.32082866588
SHADE,RotatedElliptic,30,7,47241.04085594845
SHADE,RotatedElliptic,30,8,46510.28537163382
SHADE,RotatedElliptic,30,9,70763.08644467714
SHADE,RotatedElliptic,30,10,238180.55196405106
SHADE,RotatedElliptic,30,11,111790.65953772585
SHADE,RotatedElliptic,30,12,46859.843597525
SHADE,RotatedElliptic,30,13,168384.36558800144
SHADE,RotatedElliptic,30,14,123712.45628185023
SHADE,Schwefel,30,0,0.004409193450555904
SHADE,Schwefel,30,1,1.239885696062629
SHADE,Schwefel,30,2,0.08689338191288698
SHADE,Schwefel,30,3,0.02554881190917513
SHADE,Schwefel,30,4,118.46701619454325
SHADE,Schwefel,30,5,2.9999245647723
SHADE,Schwefel,30,6,29.31228119055777
SHADE,Schwefel,30,7,0.6964430821444694
SHADE,Schwefel,30,8,12.869714467784434
SHADE,Schwefel,30,9,9.425577155081555
SHADE,Schwefel,30,10,0.007597166377308895
SHADE,Schwefel,30,11,0.03179205098786042
SHADE,Schwefel,30,12,0.013297361501827254
SHADE,Schwefel,30,13,0.005026030350563815
SHADE,Schwefel,30,14,0.015606655779265566
SHADE,Zakharov,30,0,3.5534207326857483e-13
SHADE,Zakharov,30,1,6.94236765517269e-12
SHADE,Zakharov,30,2,1.9753710799438167e-12
SHADE,Zakharov,30,3,9.387269930294879e-14
SHADE,Zakharov,30,4,1.214067505141883e-13
SHADE,Zakharov,30,5,7.509370287234598e-13
SHADE,Zakharov,30,6,1.3374906361578582e-13
SHADE,Zakharov,30,7,1.2562369481190749e-11
SHADE,Zakharov,30,8,6.246731367773469e-11
SHADE,Zakharov,30,9,1.3924382311835945e-13
SHADE,Zakharov,30,10,4.692283939913751e-11
SHADE,Zakharov,30,11,1.7825708215811143e-11
SHADE,Zakharov,30,12,4.186792534271735e-14
SHADE,Zakharov,30,13,6.339964262058346e-11
SHADE,Zakharov,30,14,9.596848246773e-14
