Function,Dimension,Algorithm,best,worst,mean,std,median,iqr
F1,10,BIPOP_CMAES,0.0,0.0,0.0,0.0,0.0,0.0
F1,10,CMAES,0.0,0.0,0.0,0.0,0.0,0.0
F1,10,IPOP_CMAES,0.0,0.0,0.0,0.0,0.0,0.0
F1,10,L-SHADE-DGR,0.0,0.0,0.0,0.0,0.0,0.0
F1,10,LSHADE,0.0,0.0,0.0,0.0,0.0,0.0
F1,10,TEMOA_V10,0.0,0.0,0.0,0.0,0.0,0.0
F1,10,TEMOA_V11,0.0,0.0,0.0,0.0,0.0,0.0
F1,10,TEMOA_V12,0.0,0.0,0.0,0.0,0.0,0.0
F1,10,jSO,0.0,0.0,0.0,0.0,0.0,0.0
F1,10,sepCMAES,0.8520113806419687,4294.28359501238,473.0788245533578,906.2285103483276,73.96058716225801,379.5095107670441
F3,10,BIPOP_CMAES,0.0,0.0,0.0,0.0,0.0,0.0
F3,10,CMAES,0.0,0.0,0.0,0.0,0.0,0.0
F3,10,IPOP_CMAES,0.0,0.0,0.0,0.0,0.0,0.0
F3,10,L-SHADE-DGR,0.0,0.0,0.0,0.0,0.0,0.0
F3,10,LSHADE,0.0,0.0,0.0,0.0,0.0,0.0
F3,10,TEMOA_V10,0.0,0.0,0.0,0.0,0.0,0.0
F3,10,TEMOA_V11,0.0,0.0,0.0,0.0,0.0,0.0
F3,10,TEMOA_V12,0.0,0.0,0.0,0.0,0.0,0.0
F3,10,jSO,0.0,0.0,0.0,0.0,0.0,0.0
F3,10,sepCMAES,0.0,0.0,0.0,0.0,0.0,0.0
F4,10,BIPOP_CMAES,0.0,3.986579112347158,0.3127019394351901,1.0824448865508902,0.0,0.0
F4,10,CMAES,0.0,3.986579112347158,0.07816821788915997,0.5582327334421788,0.0,0.0
F4,10,IPOP_CMAES,0.0,3.986579112347158,1.3866364862063902,1.8991438559722278,0.0,3.986579112347158
F4,10,TEMOA_V12,0.0,3.986579112347158,1.7978690114506792,2.0034256529154972,0.0,3.986579112347158
F4,10,sepCMAES,0.0014390146230880418,4.194578701658827,2.024469043341732,1.932937426904743,2.741362408526129,3.9861025150126466
F4,10,L-SHADE-DGR,0.0,3.986579112347158,2.5795511903422788,1.924081745164056,3.986579112347158,3.986579112347158
F4,10,LSHADE,0.0,3.986579112347158,2.8140558440097587,1.8345399626642989,3.986579112347158,3.986579112347158
F4,10,TEMOA_V10,0.0,3.986579112347158,3.3612333692338785,1.464230732720061,3.986579112347158,0.0
F4,10,TEMOA_V11,0.0,3.986579112347158,3.752074458679678,0.9473523631134407,3.986579112347158,0.0
F4,10,jSO,0.0,3.986579112347158,3.0485604976772387,1.7078637605687454,3.986579112347158,0.0
F5,10,IPOP_CMAES,0.0,2.9848771712798907,0.4877250279869147,0.7802039571597804,0.0,0.9949590570932969
F5,10,BIPOP_CMAES,0.0,3.9798362283731876,1.482684085080283,0.9412238850823557,0.994959057093638,0.9949590570932969
F5,10,L-SHADE-DGR,0.0,4.9747952854664845,1.5997380917970656,0.89166166532546,1.9899181141865938,0.9949590570932969
F5,10,TEMOA_V11,0.0,2.9848771712798907,1.5412110884386454,0.6982805402198361,1.9899181141865938,0.9949590570932969
F5,10,TEMOA_V12,0.0,2.9848771712818802,1.8728641075154129,0.7871392398423644,1.9899181141865938,0.9949590570932969
F5,10,jSO,0.0,3.9798362283733013,1.9899181161767643,0.9333543297641212,1.9899181141865938,1.492438585639917
F5,10,LSHADE,3.696220630899916e-05,3.9807436341010316,2.0885676127087525,0.8262488254389876,1.991156923805761,0.995074583968659
F5,10,CMAES,2.9848771712798907,7.959667418927324,4.85774038972273,1.1712993822529358,4.9747952854664845,1.9899130763674862
F5,10,sepCMAES,0.9949590570932969,8.954626476020564,4.682159280866866,1.760757165026401,4.9747952854664845,2.9848771712798907
F5,10,TEMOA_V10,3.9798362283731876,25.868890098615736,11.705389701675077,4.807149705098175,11.939498609481348,5.4722672572844715
F6,10,BIPOP_CMAES,0.0,0.0,0.0,0.0,0.0,0.0
F6,10,CMAES,0.0,0.0,0.0,0.0,0.0,0.0
F6,10,IPOP_CMAES,0.0,0.0,0.0,0.0,0.0,0.0
F6,10,L-SHADE-DGR,0.0,0.0,0.0,0.0,0.0,0.0
F6,10,LSHADE,0.0,0.0,0.0,0.0,0.0,0.0
F6,10,TEMOA_V10,0.0,5.630017710700486e-06,1.324340424688154e-07,7.943451894580497e-07,0.0,0.0
F6,10,TEMOA_V11,0.0,0.0,0.0,0.0,0.0,0.0
F6,10,TEMOA_V12,0.0,0.0,0.0,0.0,0.0,0.0
F6,10,jSO,0.0,0.0,0.0,0.0,0.0,0.0
F6,10,sepCMAES,0.0,0.0,0.0,0.0,0.0,0.0
F7,10,IPOP_CMAES,10.873679304098687,12.471205366975369,11.417464880202154,0.36381894187599195,11.365261151083928,0.32772123132360775
F7,10,L-SHADE-DGR,11.037539919760434,12.798926598298863,11.764436782127664,0.5380682583523985,11.529121766745675,0.9420836002296937
F7,10,BIPOP_CMAES,2.9848771712798907,14.396452445813452,11.3956943484052,1.7334535224601986,11.529121766745789,0.4915818469853548
F7,10,TEMOA_V12,11.365261151083928,13.126647614401463,11.888939064345069,0.52381206820253,11.692982382407536,0.7782229845679467
F7,10,TEMOA_V11,11.20140053542218,13.413288967205062,11.908205175600198,0.5358753531619478,11.856842998069283,0.7987630314383978
F7,10,jSO,11.037539919760434,13.126651529573337,11.870470736692646,0.5266424929862823,11.856842998069283,0.8601532875775888
F7,10,LSHADE,11.037618447917566,14.68309379875825,12.047767592045062,0.6964355281511191,12.021213650546656,1.105359280463631
F7,10,sepCMAES,3.9798362283731876,16.44447880773089,12.808098525127994,3.0076664152561206,13.290508229922011,2.946163969199688
F7,10,CMAES,7.959667418927211,17.878144254945823,13.618534676414106,2.816080602444805,14.519233183096503,3.4809676367115117
F7,10,TEMOA_V10,8.954631513839558,30.453398789058497,19.629966980125648,3.99931936303784,19.598449600901972,5.652728841542626
F8,10,L-SHADE-DGR,2.0,10.0,6.549019608074816,2.0426818201577883,6.0,2.0
F8,10,TEMOA_V11,4.0,10.0,6.470588235294137,1.527781937011566,6.0,2.0
F8,10,TEMOA_V12,2.0,12.000020148680505,6.431411530170473,1.9314039534234693,6.0,2.0
F8,10,jSO,2.0,12.0,7.058823916420053,2.129899250999546,8.0,2.0
F8,10,LSHADE,4.000470998007131,10.000846841881753,7.575927787691717,1.6147342208220454,8.000132418803219,2.0095364010554135
F8,10,BIPOP_CMAES,4.000000000000114,20.0,10.097871872819976,3.0736971577046823,10.0,3.999999999999943
F8,10,IPOP_CMAES,4.000000000000114,18.0,10.432599043598481,3.0112398029298157,10.0,3.999999999999943
F8,10,CMAES,2.0,20.0,12.470588235367392,4.776412633740234,12.0,8.000000000000057
F8,10,sepCMAES,8.0,22.0,14.364295684758796,3.599676009300273,14.0,5.289539733032825
F8,10,TEMOA_V10,6.0,42.0,19.568627450980394,7.634801639756685,18.0,11.0
F9,10,BIPOP_CMAES,0.0,0.0,0.0,0.0,0.0,0.0
F9,10,CMAES,0.0,0.0,0.0,0.0,0.0,0.0
F9,10,IPOP_CMAES,0.0,0.0,0.0,0.0,0.0,0.0
F9,10,L-SHADE-DGR,0.0,0.0,0.0,0.0,0.0,0.0
F9,10,LSHADE,0.0,0.0,0.0,0.0,0.0,0.0
F9,10,TEMOA_V10,0.0,0.0,0.0,0.0,0.0,0.0
F9,10,TEMOA_V11,0.0,0.0,0.0,0.0,0.0,0.0
F9,10,TEMOA_V12,0.0,0.0,0.0,0.0,0.0,0.0
F9,10,jSO,0.0,0.0,0.0,0.0,0.0,0.0
F9,10,sepCMAES,0.0,0.0,0.0,0.0,0.0,0.0
F10,10,L-SHADE-DGR,0.24981776415552304,221.61918453776525,22.90702212633695,49.57986110450099,6.9548302574612535,8.256356734554629
F10,10,TEMOA_V11,0.18736332311709702,137.237896626174,17.798192655174528,33.79553636336474,7.017284698500589,9.204814395244284
F10,10,jSO,0.18766866115220182,233.9646550648772,14.954325709049535,35.53949121917614,7.0172846985033175,9.922866764185983
F10,10,TEMOA_V12,0.37472664623328455,227.38466389371706,26.514925454873524,51.84403053547802,7.0797391395399245,11.423571120537417
F10,10,LSHADE,0.4475965123674541,125.80696030245645,11.171785879876811,17.155046204574294,7.267779673105906,5.170439546579928
F10,10,IPOP_CMAES,0.18736332311709702,240.02881332825473,24.062746949958957,38.32119295552776,15.244485866953255,14.61708337546952
F10,10,BIPOP_CMAES,0.24981776415643253,253.59253454612644,37.382559717817244,56.71692034907132,15.508439984851975,24.114940676518017
F10,10,sepCMAES,0.24981776415552304,274.09513175938264,81.89451936856972,81.80021406301516,41.75640694480899,115.21834053736893
F10,10,CMAES,6.954830257462163,548.5553476345558,173.7741137150406,120.3046627464282,141.7747484186043,118.78309953778012
F10,10,TEMOA_V10,3.664778451847269,1005.503469316649,490.5021332919142,283.1648069715675,450.52592466655915,472.66835835547636
F11,10,BIPOP_CMAES,0.0,1.9899181141865938,0.19876384405760442,0.4448790348320381,0.0,0.0
F11,10,IPOP_CMAES,0.0,2.9848771712798907,0.15344055704561327,0.4965903626264262,0.0,0.0
F11,10,L-SHADE-DGR,0.0,4.696387667523368,0.1770993097388091,0.8313707674381985,0.0,0.0
F11,10,TEMOA_V11,0.0,3.701428610430071,0.21773109473118063,0.879590506589016,0.0,0.0
F11,10,TEMOA_V12,0.0,3.7014286104305256,0.40987818025900974,1.0885304461251912,0.0,2.43816771217098e-08
F11,10,jSO,0.0,0.0,0.0,0.0,0.0,0.0
F11,10,LSHADE,0.0,1.037730630715032,0.4856715546450767,0.4505329723512406,0.7316915314976313,0.92054796090639
F11,10,CMAES,0.0,2.9848771712798907,1.248576071646508,0.7403762312559348,0.9949590570932969,0.9949590570932969
F11,10,TEMOA_V10,0.0,9.671177915170688,3.0059959635808404,2.094642804543446,2.9848771712798907,3.701428610430071
F11,10,sepCMAES,0.9950073761406202,19602.973930250995,3646.0652087134054,6425.278995942328,13.605087106890664,4940.604747614325
F12,10,CMAES,0.0,218.39770832970248,40.61056967860184,81.26724666747825,0.0,0.20814298464574676
F12,10,L-SHADE-DGR,0.0,217.3478123752186,12.870871368690493,51.61048467306248,0.0,0.20814298464574676
F12,10,TEMOA_V12,0.0,217.3478123752193,17.116268239997122,58.979544236510364,0.0,0.20814298464574676
F12,10,LSHADE,0.0,218.39770832970225,29.942426043984618,75.50541435527933,0.2081429846455194,0.2081429846455194
F12,10,TEMOA_V11,0.0,249.6955088593263,77.41482217663278,105.80160000943401,0.2081429846455194,217.1396693905731
F12,10,jSO,0.0,0.2081429846455194,0.1754931047011242,0.0764488415579471,0.2081429846455194,0.0
F12,10,BIPOP_CMAES,0.0,219.59090467079136,33.67797360043004,73.0030768808493,0.20814298464574676,0.20814298464597414
F12,10,IPOP_CMAES,0.0,217.34784021135238,31.710343455967507,71.18632991550528,0.20814298464574676,0.2081429847214622
F12,10,TEMOA_V10,0.0,249.6955088593263,108.86802783194146,107.39636422876406,109.88050492509751,217.13966939057286
F12,10,sepCMAES,569.4614634272277,23038.891065577867,4822.963398047432,5017.695833545983,3127.8812918264493,4641.999215166503
F13,10,TEMOA_V11,0.0,4.667497897187559,4.090269080169366,0.5955605447634524,4.090150691084318,0.18999894762976055
F13,10,jSO,4.090149613526592,4.470154611301723,4.200569576466701,0.13509819036181953,4.090151082144985,0.18999894934745498
F13,10,L-SHADE-DGR,2.4669338927196804e-07,10.222091468853023,4.110249366849534,1.2005186797300544,4.090153966117214,0.038386232634024964
F13,10,TEMOA_V12,0.0,6.36963602398032,3.9818399362389068,0.9875666859816881,4.090992944164782,0.11672128570342011
F13,10,BIPOP_CMAES,0.0,5.2338295075428505,4.075277428020168,0.8704345897134198,4.280148561149645,0.379997895069323
F13,10,IPOP_CMAES,0.9949590570934106,4.8371369155943285,4.2650202084190525,0.5022832063317269,4.280148561149645,0.18999894762282565
F13,10,LSHADE,4.090149613526592,7.499816636033756,4.443342630227812,0.5458075367591118,4.280148561149645,0.379997895245765
F13,10,TEMOA_V10,0.9949590570934106,5.407133707641833,4.284020541123179,0.6563275213464927,4.280148561149645,0.3799978952458787
F13,10,CMAES,0.9949590570934106,10.81303413295268,5.482761425799187,2.325834605806287,5.407133707641606,2.4692650468342663
F13,10,sepCMAES,5.439904300183571,9981.92299705351,904.6133183326194,1671.4844910751883,320.35823771387254,1026.9301419412873
F14,10,jSO,0.0,21.779193104999877,6.73690005138907,8.668490005708648,1.3507975933096077,19.03120199449063
F14,10,L-SHADE-DGR,0.0,20.994939595439973,9.272789691016602,9.576237363285669,1.9908051157101454,19.99965901802159
F14,10,TEMOA_V11,0.0,21.03763359256459,10.136099095185603,9.618630704540244,5.970219640690857,19.85496037030714
F14,10,LSHADE,0.0,20.994954054646996,11.24775603249867,9.097521583008024,12.641418078798324,18.01188078999462
F14,10,IPOP_CMAES,0.0,20.99194439389771,10.478198982038824,9.729785510409224,18.428606304777304,19.247107096864625
F14,10,BIPOP_CMAES,0.0,20.994938949417474,15.921005766274158,7.758450408030568,19.999799587361167,2.8656273925180358
F14,10,TEMOA_V10,0.0,21.989584686882836,16.833318545066174,7.395649903434138,19.999968777877257,0.35480591637963244
F14,10,TEMOA_V12,0.0,21.263214191026236,13.142952880652052,9.308342934246923,20.000377848976314,18.491175447502883
F14,10,CMAES,1.9899181152145502,24.089539229625416,20.845295122430354,2.9616273258632737,20.994942627154387,1.5408402716431056
F14,10,sepCMAES,23.3249896137811,15377.53845962949,2595.5518021521907,3817.158544948676,856.8528999244645,3403.95759590127
F15,10,L-SHADE-DGR,5.9830118971149204e-05,0.4727120335408017,0.15361164827150592,0.15701904913543638,0.09268343269241086,0.19755404298985013
F15,10,TEMOA_V12,0.00021081916270304646,0.49998862853226456,0.1655168341963765,0.1577338392464601,0.09946113538035206,0.21808712081701742
F15,10,LSHADE,2.8252975425857585e-05,0.4999998802625214,0.22103015414520943,0.21246373014837977,0.16512787090528036,0.47739559713272683
F15,10,TEMOA_V11,0.0006689064200600114,0.49945011603995226,0.23482530516507633,0.1719798065244214,0.23956537653157284,0.3186270175493746
F15,10,BIPOP_CMAES,0.00020374919381538348,4.045986165231625,0.5526202512706313,0.7300167146393337,0.34138650266345394,0.9349122667531446
F15,10,jSO,0.0004996300001494092,0.49999999812962415,0.30671597589900346,0.20591290130849169,0.4079150775335165,0.43607485976997395
F15,10,IPOP_CMAES,0.00042418187308612687,2.1209777613337337,0.49157012556276514,0.49048421501038936,0.4999664159529402,0.6563846255691033
F15,10,TEMOA_V10,0.005636149739075336,4.389483883717958,1.2583206429635805,0.9736590621379221,1.1900504002830985,1.3285251494137356
F15,10,CMAES,0.008355381816727458,5.978035477131925,1.4290270428496517,1.2414378341470886,1.2002446564206366,1.0016926438202063
F15,10,sepCMAES,83.82637813999736,24475.724958418843,6266.644758319101,8838.498301280073,1177.840005202716,11420.612566572458
F16,10,jSO,0.00016996402609947836,0.7275546765799845,0.16450408337908026,0.1973570589535114,0.03426267847839881,0.2105410747527685
F16,10,L-SHADE-DGR,3.5490006439431454e-05,232.5419375765225,4.787159011050366,32.530603289798556,0.22641231478405643,0.2944887297043124
F16,10,LSHADE,0.001590385596273336,0.7069521345970315,0.24613427850475125,0.21730104683326182,0.22780528044472703,0.415528635225769
F16,10,TEMOA_V12,0.0006480133579316316,434.704265833162,43.435335843170634,123.87993373858022,0.23050760989985974,0.41368257891554094
F16,10,TEMOA_V11,7.150139617806417e-05,434.99836524975217,35.525840059249305,103.01391566909167,0.23350780632017631,0.38836418087248603
F16,10,IPOP_CMAES,0.09078594266429718,234.0368168344212,15.431658971012617,55.61426548272241,0.5197556429029646,0.21668833864066528
F16,10,BIPOP_CMAES,0.02840104339907157,435.0064141318185,16.950875607528115,71.45710474277486,0.6868823745942336,0.6270370421677853
F16,10,TEMOA_V10,0.005808981788504752,435.6235156412715,108.52595020429403,176.77615151310837,1.0057212069891648,232.3918999567377
F16,10,CMAES,0.17592789299351352,233.66000392218598,10.20311342651519,45.55638567784439,1.1674089337748228,0.34771034746006535
F16,10,sepCMAES,0.03753869920547004,11019.605985318603,451.4254799490219,1631.472534060987,112.49707093918096,349.5727813879763
F17,10,jSO,5.0782200386959175,22.223252424909106,14.056679638951486,6.815085251795874,13.68247131102703,13.626106270349283
F17,10,L-SHADE-DGR,1.0051169334078622,237.1879638011501,28.29316477014207,52.947732810547535,20.283894189816237,14.988173989672077
F17,10,TEMOA_V11,0.0990161940148937,238.00551764891725,38.50416303124679,66.62581206914687,20.308759835017554,0.8915105776061409
F17,10,TEMOA_V12,0.48896122987275703,238.41617935179306,30.20808428290493,52.80659708610353,20.48856489246873,0.79899580316021
F17,10,LSHADE,0.9949590570934106,22.124802464780032,16.700680214994446,5.9256754682503345,20.583622980745076,9.723179888988057
F17,10,TEMOA_V10,1.3599519182462245,436.9422396116952,58.465169672071895,93.57509985884892,22.111659647504894,1.7735813674529481
F17,10,BIPOP_CMAES,0.12437460455566907,48.50902115167082,22.501916098769748,7.853301788493403,22.395834558010847,4.1879632660626385
F17,10,IPOP_CMAES,19.659307777657887,30.119793373128005,23.63537315217525,2.4621123492344568,23.004606515739624,3.0074306656495082
F17,10,CMAES,20.575042211588652,54.58424805624145,25.41488807489119,5.768739925670158,23.80134680563856,3.52980209226655
F17,10,sepCMAES,22.06577287432856,592.0732506204863,140.13250301788736,165.04302350684182,49.33600334488392,176.97413490802342
F18,10,LSHADE,9.986026748265431e-05,20.475445213023022,1.8004829741449861,5.428473070386497,0.24323688318963832,0.4063823008949612
F18,10,jSO,0.00017740616908668017,0.5,0.2818492180301077,0.20330491350186922,0.34929204534455494,0.4466616959290377
F18,10,L-SHADE-DGR,0.00022243268540478311,20.490780626247442,7.677272164602902,9.783095522558657,0.4684448021598655,19.93366759246726
F18,10,TEMOA_V12,0.004683665879383625,20.495278769901915,8.462467609215457,9.89292134624806,0.48718530568498863,19.786248961698107
F18,10,TEMOA_V11,0.002117676573107019,20.498911566698325,11.663109802493016,9.96644822651998,20.006620223144182,19.882125094430307
F18,10,TEMOA_V10,0.00630533273920264,20.500013360134744,13.688957546070576,9.424362129172918,20.095061874719704,19.657293553958425
F18,10,IPOP_CMAES,0.03994019102083257,21.354527454400795,14.919705772944246,8.85930497985731,20.173980284721893,18.870121879482554
F18,10,BIPOP_CMAES,0.3855159014763103,21.32005347586164,18.031327421121134,6.303792005825451,20.189701935273888,0.46267733834622504
F18,10,CMAES,0.4317660416477338,22.532030633155273,19.24943589188315,4.656018611162567,20.377058882035954,0.9575999669503972
F18,10,sepCMAES,93.87151760656639,8483.513139178009,2763.717272609144,2287.1034728015384,2032.1067427387889,4177.24162075787
F19,10,TEMOA_V11,0.019446536871328135,1.299180152133431,0.26363378043505886,0.23082441485330177,0.23138726539809795,0.1680761717726682
F19,10,L-SHADE-DGR,0.019943938784308557,1.0645964621699022,0.26107941790623684,0.16246629046455602,0.23817598644382088,0.16167600355424838
F19,10,TEMOA_V12,0.0620497385177714,1.335487926000269,0.378719876185869,0.26699655453269466,0.3147359501401752,0.15744498466699497
F19,10,LSHADE,0.15882537451125245,0.6167741155893509,0.3744783637265817,0.09994771481976229,0.3619556925029883,0.14183189514290007
F19,10,jSO,0.13172139098560365,1.0087496151204505,0.38102718462192464,0.14639392600830015,0.37051298165738444,0.13802618972101754
F19,10,BIPOP_CMAES,0.5870047655164399,2.092910954102763,1.078603454122302,0.24011226646735068,1.035410128245985,0.10972927210832495
F19,10,IPOP_CMAES,0.1563783642875478,1.548902883954952,1.0093080710616424,0.2864484290287048,1.078820651429396,0.12431387010076378
F19,10,CMAES,0.2966930995025905,2.8977373392360732,1.3124292304859337,0.4765440687036907,1.0904814760497175,0.46394072804469033
F19,10,TEMOA_V10,0.03916116387722468,2.5483216687448476,1.27741885810172,0.5412416378106186,1.1159048736085424,0.4354083130978097
F19,10,sepCMAES,2.481773299860606,4512.49855862807,1237.8243635487063,1498.175782687664,454.19964200694176,1935.4666119451836
F20,10,L-SHADE-DGR,0.0,20.00370315914347,0.8391175744971352,2.762755860052438,0.5088221653311393,0.7050860295454413
F20,10,TEMOA_V11,0.0,1.7298506389224713,0.510655383213299,0.38533851526477647,0.5169864431763926,0.5444498303356795
F20,10,TEMOA_V12,0.0037026343586603616,21.044293446257143,1.0763358642246996,2.883756561318638,0.688647620377651,0.34979485891403783
F20,10,jSO,0.45172211764543135,2.6757109794568805,1.4552978291041307,0.5219091474927519,1.4110176140509338,0.681017517635155
F20,10,LSHADE,0.8321393786891349,3.9028274997365315,2.2896324887580892,0.6765739239165304,2.2542157327995938,0.7345292078540524
F20,10,TEMOA_V10,0.0,24.974789399433348,10.554682909731948,9.391308090275581,7.554283067811866,19.50096135173999
F20,10,BIPOP_CMAES,13.708507041045323,252.39874808196782,29.95139912909833,32.3443924829462,23.980077999678088,9.563916931009317
F20,10,sepCMAES,3.1627303282989487,33.658768433029536,24.563133949715354,6.606743179312765,24.914176832681278,6.337751397311081
F20,10,IPOP_CMAES,3.9143833984612684,95.78422134709263,31.257841822295276,19.10250981884683,24.974816841824122,11.746347630554169
F20,10,CMAES,19.49215042047308,239.88727687155097,34.686852990657336,41.969224356708516,24.97841747334519,6.728705092407381
F21,10,LSHADE,100.0,100.00000000000045,100.00000000000021,2.292400717538114e-13,100.0,4.547473508864641e-13
F21,10,TEMOA_V10,100.0,209.14696425231705,102.140136553967,15.28363202746367,100.0,0.0
F21,10,TEMOA_V11,100.0,202.08798352866143,102.00172516722866,14.29517701537641,100.0,0.0
F21,10,jSO,100.0,100.0,100.0,0.0,100.0,0.0
F21,10,L-SHADE-DGR,100.0,201.06295275083085,101.98162652452633,14.151643997005182,100.00000000000045,4.547473508864641e-13
F21,10,TEMOA_V12,100.0,202.0874231230814,102.00171417888423,14.2950985428991,100.00000000000045,4.547473508864641e-13
F21,10,IPOP_CMAES,100.00000000002683,100.00000000022692,100.00000000005906,3.3524229275764176e-11,100.00000000005275,2.432898327242583e-11
F21,10,BIPOP_CMAES,100.00000000002956,100.00000000039745,100.00000000008963,5.725529242580619e-11,100.0000000000764,4.274625098332763e-11
F21,10,sepCMAES,100.0000000000864,100.000000000201,100.00000000014501,2.3852813936211133e-11,100.00000000014506,2.8421709430404007e-11
F21,10,CMAES,100.00000000009777,100.00000000022419,100.000000000159,2.7184001224774893e-11,100.00000000015689,4.1154635255225e-11
F22,10,L-SHADE-DGR,100.0,100.00000000000045,100.00000000000014,2.1310596972802496e-13,100.0,4.547473508864641e-13
F22,10,TEMOA_V10,100.0,102.56243070506844,100.66649271683973,0.8722557226211975,100.0,1.38984646003928
F22,10,TEMOA_V11,100.0,101.6647417267668,100.06528398928498,0.32635465590587404,100.0,0.0
F22,10,jSO,100.0,100.00000000000045,100.00000000000004,1.483792898861625e-13,100.0,0.0
F22,10,LSHADE,100.0,100.00000000000045,100.00000000000026,2.2861374364072397e-13,100.00000000000045,4.547473508864641e-13
F22,10,TEMOA_V12,100.0,100.00000000000045,100.00000000000027,2.260464157583332e-13,100.00000000000045,4.547473508864641e-13
F22,10,IPOP_CMAES,100.00000000000045,100.00000000000136,100.00000000000082,2.100516237180941e-13,100.00000000000091,0.0
F22,10,BIPOP_CMAES,100.00000000000045,100.00000000000182,100.00000000000117,3.068228516455769e-13,100.00000000000136,4.547473508864641e-13
F22,10,CMAES,100.00000000000136,100.00000000000318,100.00000000000243,3.9132782351098914e-13,100.00000000000227,4.547473508864641e-13
F22,10,sepCMAES,100.00000000000136,100.00000000000318,100.00000000000232,4.643580254424541e-13,100.00000000000227,9.094947017729282e-13
F23,10,L-SHADE-DGR,100.0,100.00000000000045,100.00000000000007,1.5828366143996035e-13,100.0,0.0
F23,10,LSHADE,100.0,100.00000000000045,100.0,6.431098710768743e-14,100.0,0.0
F23,10,TEMOA_V10,100.0,200.0,109.80392156862744,30.032661958503205,100.0,0.0
F23,10,TEMOA_V11,100.0,200.0,109.80392156862744,30.0326619585032,100.0,0.0
F23,10,TEMOA_V12,100.0,200.00000000000045,101.96078431372567,14.002800840280138,100.0,4.547473508864641e-13
F23,10,jSO,100.0,100.0,100.0,0.0,100.0,0.0
F23,10,IPOP_CMAES,100.00000000004547,100.00000000019872,100.00000000010347,3.00245379986787e-11,100.00000000009777,3.660716174636036e-11
F23,10,BIPOP_CMAES,0.0,100.00000000022374,98.03921568641651,14.002800840300381,100.00000000014052,3.069544618483633e-11
F23,10,CMAES,100.0000000001869,100.00000000043383,100.00000000029749,5.553352112579686e-11,100.00000000029695,8.094502845779061e-11
F23,10,sepCMAES,100.00000000019145,100.00000000040654,100.0000000003088,4.65101264576848e-11,100.00000000031469,7.548806024715304e-11
F24,10,BIPOP_CMAES,100.00000000019827,200.0000000003738,113.72549230027685,34.754036863997975,100.0000000005266,5.975380190648139e-10
F24,10,sepCMAES,100.00000000023374,200.00000000049386,113.7254901966991,34.75403771145442,100.00000000062983,2.9876900953240693e-10
F24,10,CMAES,100.00000000042019,200.00000000058844,139.21569019515127,49.30894680895447,100.00000000085993,99.9999999998463
F24,10,L-SHADE-DGR,100.00000000000045,200.0,198.0392156862745,14.002800840280036,200.0,0.0
F24,10,LSHADE,200.0,200.0,200.0,0.0,200.0,0.0
F24,10,TEMOA_V10,200.0,200.0,200.0,0.0,200.0,0.0
F24,10,TEMOA_V11,200.0,200.0,200.0,0.0,200.0,0.0
F24,10,TEMOA_V12,100.00000000000045,200.00000000000045,196.0784313725491,19.603921176392056,200.0,0.0
F24,10,jSO,200.0,200.0,200.0,0.0,200.0,0.0
F24,10,IPOP_CMAES,100.00000000014461,200.0000000003056,188.2891949008243,32.392430573867145,200.00000000015234,7.617018127348274e-11
F25,10,BIPOP_CMAES,475.5611892571442,476.19997380244195,475.7435696358349,0.1673620000983509,475.6872353956883,0.1916308668403417
F25,10,IPOP_CMAES,475.54171489685996,479.3043108800266,475.9776133114755,0.8636976042340099,475.72193542182686,0.33211861151153244
F25,10,CMAES,475.64114059820804,476.2424784378909,475.8897511292953,0.14411084325617515,475.87912882867477,0.21143913567175332
F25,10,sepCMAES,475.54171489685996,476.292615151222,475.99760091100023,0.1573463963225545,476.0059772718191,0.1937425101889403
F25,10,L-SHADE-DGR,475.5611892571442,479.32387821105885,477.85357000762764,1.7090345217915297,479.1862267241877,3.434989274665213
F25,10,TEMOA_V12,475.54171489685996,479.3398688126663,477.8070891921718,1.7033518077373138,479.195438165445,3.5164292901733916
F25,10,jSO,475.54171489685996,479.3346218236329,478.9447753579958,0.9783473141441698,479.195438165445,0.09025070317511563
F25,10,LSHADE,475.58546438027406,479.3043108800266,478.73882074716585,1.2438410494315493,479.2203669360915,0.06963439835749341
F25,10,TEMOA_V11,475.54171489685996,506.51202647306764,479.4248394317812,5.785302714342347,479.24800883415855,3.55001184762682
F25,10,TEMOA_V10,475.7276275998006,507.1303239362055,482.8858614403211,11.265151860105407,479.27754560949325,3.36367838221031
F26,10,L-SHADE-DGR,0.0,467.2704661875837,335.3461671925332,208.38051326459015,457.5002286234917,467.27044923435255
F26,10,TEMOA_V12,0.0,467.2704661875837,316.9053188116655,216.4406060787199,457.50022862349215,467.2704394750872
F26,10,CMAES,455.9584729829785,461.2780719105572,457.5152070732294,1.115482802710387,457.5002286235176,0.2023435054645688
F26,10,BIPOP_CMAES,0.0,467.3649613638636,426.2554764488952,113.53586823625908,457.50531779372386,0.08782608283854643
F26,10,sepCMAES,455.96770032729046,461.97803024516134,457.7367039117985,1.3099966178527533,457.5067798529458,0.1380689724765034
F26,10,IPOP_CMAES,149.90549876433943,467.2704661907005,455.3040317794771,44.39002665608893,461.85171355554485,9.677824611955657
F26,10,LSHADE,0.0,467.2704661875837,457.16419417982905,65.36086088191861,467.2704661875837,0.0
F26,10,TEMOA_V10,0.0,476.7582885458082,447.14034355093696,91.4832926710658,467.2704661875837,10.088083464420833
F26,10,TEMOA_V11,0.0,467.59040728877426,437.3961599746639,110.52308493657782,467.2704661875837,9.770237564091758
F26,10,jSO,0.0,467.2704661875837,411.01484515066227,151.6090115663009,467.2704661875837,4.206640067719263
F27,10,IPOP_CMAES,323.8044635588153,397.0779757593332,390.0505248197976,9.619518725505937,390.51703257983445,2.397763737136529
F27,10,L-SHADE-DGR,389.51387350295863,397.96059935576795,392.19406884038295,3.038061283095336,390.51703257983445,4.976032138003575
F27,10,LSHADE,389.51387350295863,390.51703257983445,390.24165557833925,0.452131324477132,390.51703257983445,1.003159076875363
F27,10,TEMOA_V12,389.5138735029591,397.48723524643447,390.8211504899465,2.2013447039416296,390.51703257983445,1.003159076875363
F27,10,jSO,389.51387350295863,397.7554566444055,391.2532459646253,2.4894784392953584,390.51703257983445,1.003159076875363
F27,10,BIPOP_CMAES,0.15840490862137813,395.59351860181096,380.77151996385476,59.37919001577536,390.51703257991676,2.6385443607005072
F27,10,CMAES,0.10983075534613818,395.5935362121859,377.47071354038764,76.81219835550415,393.15557694053723,3.8618604214891548
F27,10,sepCMAES,2.3799225783445763,397.49570925109356,385.86203713939994,54.81230313035333,394.39162452767505,1.320395687338305
F27,10,TEMOA_V11,389.51387350295863,397.96059935576795,393.84135687485497,3.6767129113231025,394.58581218650534,7.550446206589413
F27,10,TEMOA_V10,389.51387350295863,399.97946187442267,396.2554169852736,2.889882088258609,397.3911536921173,2.328138737336758
F28,10,BIPOP_CMAES,0.0,0.0,0.0,0.0,0.0,0.0
F28,10,CMAES,0.0,0.0,0.0,0.0,0.0,0.0
F28,10,IPOP_CMAES,0.0,0.0,0.0,0.0,0.0,0.0
F28,10,L-SHADE-DGR,0.0,0.0,0.0,0.0,0.0,0.0
F28,10,LSHADE,0.0,0.0,0.0,0.0,0.0,0.0
F28,10,TEMOA_V10,0.0,0.0,0.0,0.0,0.0,0.0
F28,10,TEMOA_V11,0.0,0.0,0.0,0.0,0.0,0.0
F28,10,TEMOA_V12,0.0,0.0,0.0,0.0,0.0,0.0
F28,10,jSO,0.0,0.0,0.0,0.0,0.0,0.0
F28,10,sepCMAES,0.0,0.0,0.0,0.0,0.0,0.0
F29,10,BIPOP_CMAES,13.7672534668568,1350.3546617826705,987.6983575672867,205.0384557421096,1030.4697721866214,56.21031165636555
F29,10,IPOP_CMAES,978.5855619535696,1107.4424161310735,1026.5568835820225,29.943384727960417,1032.2328618788242,49.02576716263434
F29,10,LSHADE,978.9881017339794,1052.9623507132897,1015.6822232153255,31.70931121086486,1040.20856292183,62.619848559365664
F29,10,TEMOA_V11,978.5482091489994,1054.233195522218,1017.4867948588039,31.405620047864236,1040.687378049564,60.61923340778617
F29,10,L-SHADE-DGR,979.6233394393721,1056.7052382116062,1019.7302309632677,30.24528355862347,1040.765951180682,61.428253515216284
F29,10,jSO,980.2013844461635,1046.920346065102,1026.9211793675715,26.8739074716617,1041.848416475138,55.3821958408862
F29,10,TEMOA_V12,979.0284477438822,1103.0526510105637,1026.0775024933719,33.113911494263036,1042.7827557375158,65.10207066158137
F29,10,CMAES,4.329395132989248,1347.1226826799066,922.1606276103265,378.4793623139623,1048.7481674769415,100.51949968182498
F29,10,TEMOA_V10,981.6402480191541,16418.905118699386,1353.2133975423774,2152.1519755502472,1055.3989864855885,41.05341437066636
F29,10,sepCMAES,986.292920601591,2573.131446542544,1195.9979131850093,261.7244445832215,1138.1035065436868,247.2168282379332
F30,10,jSO,1377.2438885988386,3158.1241537655133,1412.2022558384965,249.3675824703426,1377.2438885988395,0.0076500609420691035
F30,10,LSHADE,1377.2438885988386,3158.2949098024865,1761.4622650650872,739.7119738643411,1377.2438885988404,0.8637220252639963
F30,10,L-SHADE-DGR,1377.2438897396896,3158.123093096833,1412.6452990235778,249.31071785264052,1377.4938465684609,0.3313115782971181
F30,10,TEMOA_V12,1377.2438957675358,1412.605564708727,1379.5989272939325,7.2044984128608,1377.6025567947017,0.6894798078274107
F30,10,TEMOA_V11,1377.2438885988386,3158.294909802653,1663.5575648539423,651.9461587424526,1378.1076106241026,11.379417661929892
F30,10,TEMOA_V10,7.424401893074901,14394.025071187018,2339.3848353346043,2571.8016702006744,1606.5768744456873,237.82452337676386
F30,10,BIPOP_CMAES,2.345757636210692,11036.5588543047,2205.658063197352,1883.4405917811152,1613.4053341977997,786.5391255007985
F30,10,IPOP_CMAES,1377.2438888362803,11003.669652662378,2417.8081254803096,1853.2382103048535,1616.1711938967173,1576.7115799956732
F30,10,CMAES,3.0324614446981286,14606.187903147293,2380.8833055379714,2241.4967729923014,1676.2952374913111,948.2260860461734
F30,10,sepCMAES,2862.9622235474453,26866.108664660336,11247.909309684694,5666.733903771403,10200.27363638926,8072.289215209208
