Algorithm,Function,Dimension,Run,Error,Seconds,FES,Overrun
TEMOA_V10,F1,10,0,0.0,5.198983451000004,100000,0
TEMOA_V10,F1,10,1,0.0,5.246858043999964,100000,0
TEMOA_V10,F1,10,2,0.0,5.151087052999856,100000,0
TEMOA_V10,F1,10,3,0.0,5.353995964999967,100000,0
TEMOA_V10,F1,10,4,0.0,5.119839649000141,100000,0
TEMOA_V11,F1,10,0,0.0,3.687987929999963,100000,0
TEMOA_V11,F1,10,1,0.0,3.5568559140001526,100000,0
TEMOA_V11,F1,10,2,0.0,3.7686228539998865,100000,0
TEMOA_V11,F1,10,3,0.0,3.5615520520000246,100000,0
TEMOA_V11,F1,10,4,0.0,3.610543686000028,100000,0
jSO,F1,10,0,0.0,2.0361657050000304,100000,0
jSO,F1,10,1,0.0,2.0018628379998518,100000,0
jSO,F1,10,2,0.0,1.77975214900016,100000,0
jSO,F1,10,3,0.0,1.7868717050000669,100000,0
jSO,F1,10,4,0.0,1.8714272879999498,100000,0
LSHADE,F1,10,0,0.0,1.9475988550000238,100000,0
LSHADE,F1,10,1,0.0,1.8575007869999354,100000,0
LSHADE,F1,10,2,0.0,1.9342292019998695,100000,0
LSHADE,F1,10,3,0.0,2.080125943999974,100000,0
LSHADE,F1,10,4,0.0,2.0603091749999294,100000,0
BIPOP_CMAES,F1,10,0,0.0,13.010139228999833,100000,0
BIPOP_CMAES,F1,10,1,0.0,11.7054871549999,100000,0
BIPOP_CMAES,F1,10,2,0.0,13.549711700999978,100000,0
BIPOP_CMAES,F1,10,3,0.0,11.426904992000118,100000,0
BIPOP_CMAES,F1,10,4,0.0,10.171998172999793,100000,0
IPOP_CMAES,F1,10,0,0.0,9.411345304000179,100000,0
IPOP_CMAES,F1,10,1,0.0,9.905235235999953,100000,0
IPOP_CMAES,F1,10,2,0.0,8.874758418000056,100000,0
IPOP_CMAES,F1,10,3,0.0,10.694896891000099,100000,0
IPOP_CMAES,F1,10,4,0.0,11.17804172000001,100000,0
CMAES,F1,10,0,0.0,18.17623629400009,100000,0
CMAES,F1,10,1,0.0,18.840570743999933,100000,0
CMAES,F1,10,2,0.0,17.461635974000046,100000,0
CMAES,F1,10,3,0.0,17.8937258389999,100000,0
CMAES,F1,10,4,0.0,17.17203176299995,100000,0
sepCMAES,F1,10,0,65.89766771811185,14.58826687099986,100000,0
sepCMAES,F1,10,1,420.9427724737502,14.074860728999965,100000,0
sepCMAES,F1,10,2,439.33179770219135,14.96361082999988,100000,0
sepCMAES,F1,10,3,0.416793127645974,13.163976124999863,100000,0
sepCMAES,F1,10,4,336.5462927045026,13.372801983000045,100000,0
TEMOA_V10,F3,10,0,0.0,5.380487027000072,100000,0
TEMOA_V10,F3,10,1,0.0,5.667189280000002,100000,0
TEMOA_V10,F3,10,2,0.0,5.5766784630000075,100000,0
TEMOA_V10,F3,10,3,0.0,5.343713993000165,100000,0
TEMOA_V10,F3,10,4,0.0,5.288292081999998,100000,0
TEMOA_V11,F3,10,0,0.0,3.8339246569998977,100000,0
TEMOA_V11,F3,10,1,0.0,4.041721719999941,100000,0
TEMOA_V11,F3,10,2,0.0,4.057952470000146,100000,0
TEMOA_V11,F3,10,3,0.0,3.685772326999995,100000,0
TEMOA_V11,F3,10,4,0.0,4.092215159000034,100000,0
jSO,F3,10,0,0.0,2.2837050239998007,100000,0
jSO,F3,10,1,0.0,2.244730874000197,100000,0
jSO,F3,10,2,0.0,2.2089880080000057,100000,0
jSO,F3,10,3,0.0,2.228096566999966,100000,0
jSO,F3,10,4,0.0,2.2242202219999854,100000,0
LSHADE,F3,10,0,0.0,2.1731235160000324,100000,0
LSHADE,F3,10,1,0.0,2.248263783999846,100000,0
LSHADE,F3,10,2,0.0,2.2482744900000853,100000,0
LSHADE,F3,10,3,0.0,2.1426703060001273,100000,0
LSHADE,F3,10,4,0.0,2.2456857590000254,100000,0
BIPOP_CMAES,F3,10,0,0.0,9.955832971000063,100000,0
BIPOP_CMAES,F3,10,1,0.0,10.95815834699988,100000,0
BIPOP_CMAES,F3,10,2,0.0,10.02168130799987,100000,0
BIPOP_CMAES,F3,10,3,0.0,11.123404042999937,100000,0
BIPOP_CMAES,F3,10,4,0.0,10.007494676000078,100000,0
IPOP_CMAES,F3,10,0,0.0,8.464781505000019,100000,0
IPOP_CMAES,F3,10,1,0.0,8.916496662999862,100000,0
IPOP_CMAES,F3,10,2,0.0,8.779879733000143,100000,0
IPOP_CMAES,F3,10,3,0.0,8.602643439000076,100000,0
IPOP_CMAES,F3,10,4,0.0,7.486446195999861,100000,0
CMAES,F3,10,0,0.0,18.075918206000097,100000,0
CMAES,F3,10,1,0.0,18.63818960499998,100000,0
CMAES,F3,10,2,0.0,18.788870750000115,100000,0
CMAES,F3,10,3,0.0,18.237747391000084,100000,0
CMAES,F3,10,4,0.0,18.378953805000037,100000,0
sepCMAES,F3,10,0,0.0,15.299928179000062,100000,0
sepCMAES,F3,10,1,0.0,14.996465489999991,100000,0
sepCMAES,F3,10,2,0.0,15.459023951000063,100000,0
sepCMAES,F3,10,3,0.0,15.229057784000133,100000,0
sepCMAES,F3,10,4,0.0,15.129472131999819,100000,0
TEMOA_V10,F4,10,0,3.986579112347158,6.114863858000035,100000,0
TEMOA_V10,F4,10,1,3.986579112347158,6.2612713430000895,100000,0
TEMOA_V10,F4,10,2,0.0,6.288064420999945,100000,0
TEMOA_V10,F4,10,3,3.986579112347158,6.168514220999896,100000,0
TEMOA_V10,F4,10,4,3.986579112347158,5.674330527000166,100000,0
TEMOA_V11,F4,10,0,0.0,4.423463822000031,100000,0
TEMOA_V11,F4,10,1,3.986579112347158,4.570850580000069,100000,0
TEMOA_V11,F4,10,2,3.986579112347158,4.256547179000108,100000,0
TEMOA_V11,F4,10,3,0.0,4.222259301999884,100000,0
TEMOA_V11,F4,10,4,3.986579112347158,4.505520759000092,100000,0
jSO,F4,10,0,0.0,2.6616330370000014,100000,0
jSO,F4,10,1,3.986579112347158,2.601014239000051,100000,0
jSO,F4,10,2,0.0,2.6328999239999575,100000,0
jSO,F4,10,3,0.0,2.6501403139998274,100000,0
jSO,F4,10,4,3.986579112347158,2.6913949629999934,100000,0
LSHADE,F4,10,0,3.986579112347158,2.64187410500017,100000,0
LSHADE,F4,10,1,0.0,2.743711544000007,100000,0
LSHADE,F4,10,2,3.986579112347158,2.621888692000084,100000,0
LSHADE,F4,10,3,3.986579112347158,2.6058774509999694,100000,0
LSHADE,F4,10,4,3.986579112347158,2.715754464000156,100000,0
BIPOP_CMAES,F4,10,0,0.0,10.96821275000002,100000,0
BIPOP_CMAES,F4,10,1,0.0,11.874204646999942,100000,0
BIPOP_CMAES,F4,10,2,0.0,11.400752696000154,100000,0
BIPOP_CMAES,F4,10,3,0.0,11.578499856000008,100000,0
BIPOP_CMAES,F4,10,4,0.0,11.833104417999948,100000,0
IPOP_CMAES,F4,10,0,1.7213498963923257,9.45234007299996,100000,0
IPOP_CMAES,F4,10,1,0.0,8.948456307000015,100000,0
IPOP_CMAES,F4,10,2,3.986579112347158,9.663565780999988,100000,0
IPOP_CMAES,F4,10,3,3.986579112347158,9.594690033999996,100000,0
IPOP_CMAES,F4,10,4,0.0,9.560505937000016,100000,0
CMAES,F4,10,0,0.0,18.588309352999886,100000,0
CMAES,F4,10,1,0.0,18.273512250000067,100000,0
CMAES,F4,10,2,0.0,17.37567794000006,100000,0
CMAES,F4,10,3,0.0,18.215187604999983,100000,0
CMAES,F4,10,4,0.0,17.898145597999928,100000,0
sepCMAES,F4,10,0,3.9902511482801515,10.759160042000076,63131,0
sepCMAES,F4,10,1,3.9901616195299994,9.149139400000195,62221,0
sepCMAES,F4,10,2,0.6224600113078509,15.403405528999883,100000,0
sepCMAES,F4,10,3,3.9901619106918815,8.84087575400008,63641,0
sepCMAES,F4,10,4,0.003173239172497233,9.83131043200001,65221,0
TEMOA_V10,F5,10,0,9.949580495294754,5.520200978000048,100000,0
TEMOA_V10,F5,10,1,7.959672456746318,5.546980447000124,100000,0
TEMOA_V10,F5,10,2,9.949585533113861,5.502546892999817,100000,0
TEMOA_V10,F5,10,3,6.964708361833971,5.202673782000147,100000,0
TEMOA_V10,F5,10,4,16.914288857128724,5.301814008999827,100000,0
TEMOA_V11,F5,10,0,0.0,4.233583985999985,100000,0
TEMOA_V11,F5,10,1,0.9949590570932969,4.5009925360000125,100000,0
TEMOA_V11,F5,10,2,1.9899181141865938,4.062373940000043,100000,0
TEMOA_V11,F5,10,3,0.0,4.301034152000057,100000,0
TEMOA_V11,F5,10,4,1.9899181141865938,4.471704460999945,100000,0
jSO,F5,10,0,1.9899181141866507,2.299908921999986,100000,0
jSO,F5,10,1,1.9899181141865938,2.395919670000012,100000,0
jSO,F5,10,2,1.9899181141865938,2.3644629399998394,100000,0
jSO,F5,10,3,1.9899181141866507,2.249257309000086,100000,0
jSO,F5,10,4,1.9899181141866507,2.348909522999975,100000,0
LSHADE,F5,10,0,2.991226210836942,2.3904799469999034,100000,0
LSHADE,F5,10,1,1.991039469938812,2.3873527809998905,100000,0
LSHADE,F5,10,2,1.9900125903146204,2.3850067689998014,100000,0
LSHADE,F5,10,3,2.9856417872587144,2.4916707789998327,100000,0
LSHADE,F5,10,4,2.985467978441875,2.349347272000159,100000,0
BIPOP_CMAES,F5,10,0,0.9949590570933537,10.70212519200004,100000,0
BIPOP_CMAES,F5,10,1,0.0,10.833604472999923,100000,0
BIPOP_CMAES,F5,10,2,1.9899181141867075,10.65682295900001,100000,0
BIPOP_CMAES,F5,10,3,0.9949590570934106,10.655648696000071,100000,0
BIPOP_CMAES,F5,10,4,0.9949590570932969,10.372097136999855,100000,0
IPOP_CMAES,F5,10,0,0.0,8.524751611000056,100000,0
IPOP_CMAES,F5,10,1,0.9949590570932969,8.624762591000035,100000,0
IPOP_CMAES,F5,10,2,0.0,8.62958771500007,100000,0
IPOP_CMAES,F5,10,3,0.0,8.312773880000123,100000,0
IPOP_CMAES,F5,10,4,1.9899181141865938,8.182860558999892,100000,0
CMAES,F5,10,0,4.9747952854664845,18.007478123000055,100000,0
CMAES,F5,10,1,4.974795285466541,17.094855129000052,100000,0
CMAES,F5,10,2,4.9747952854664845,17.554783574000112,100000,0
CMAES,F5,10,3,2.9848771712798907,17.90042268099978,100000,0
CMAES,F5,10,4,5.969749304740674,17.57564424499992,100000,0
sepCMAES,F5,10,0,3.9798362283731876,14.783109364999973,100000,0
sepCMAES,F5,10,1,4.9747952854664845,14.544155408000051,100000,0
sepCMAES,F5,10,2,4.9747952854664845,14.301707261000047,100000,0
sepCMAES,F5,10,3,5.969754342559781,14.140663625999878,100000,0
sepCMAES,F5,10,4,7.959667418927268,14.087595232000012,100000,0
TEMOA_V10,F6,10,0,0.0,6.3319036049999795,100000,0
TEMOA_V10,F6,10,1,0.0,6.154989220000061,100000,0
TEMOA_V10,F6,10,2,0.0,6.244467837999991,100000,0
TEMOA_V10,F6,10,3,0.0,6.06480074000001,100000,0
TEMOA_V10,F6,10,4,0.0,6.076619244999847,100000,0
TEMOA_V11,F6,10,0,0.0,4.840706935000071,100000,0
TEMOA_V11,F6,10,1,0.0,4.965435366000065,100000,0
TEMOA_V11,F6,10,2,0.0,4.848465665000049,100000,0
TEMOA_V11,F6,10,3,0.0,4.680758102000027,100000,0
TEMOA_V11,F6,10,4,0.0,4.803475234000189,100000,0
jSO,F6,10,0,0.0,2.8646829290000824,100000,0
jSO,F6,10,1,0.0,2.832121007999831,100000,0
jSO,F6,10,2,0.0,2.9908728450000126,100000,0
jSO,F6,10,3,0.0,2.9680718490001254,100000,0
jSO,F6,10,4,0.0,2.8625555459998395,100000,0
LSHADE,F6,10,0,0.0,3.061824106000131,100000,0
LSHADE,F6,10,1,0.0,2.9030867449998823,100000,0
LSHADE,F6,10,2,0.0,2.9743587829998432,100000,0
LSHADE,F6,10,3,0.0,3.048303367000017,100000,0
LSHADE,F6,10,4,0.0,2.897894909000115,100000,0
BIPOP_CMAES,F6,10,0,0.0,11.68840437100016,100000,0
BIPOP_CMAES,F6,10,1,0.0,10.957286881000073,100000,0
BIPOP_CMAES,F6,10,2,0.0,11.074361136000107,100000,0
BIPOP_CMAES,F6,10,3,0.0,10.558560267000075,100000,0
BIPOP_CMAES,F6,10,4,0.0,11.181031862000054,100000,0
IPOP_CMAES,F6,10,0,0.0,9.215906531999963,100000,0
IPOP_CMAES,F6,10,1,0.0,9.25327855799992,100000,0
IPOP_CMAES,F6,10,2,0.0,9.280401872000084,100000,0
IPOP_CMAES,F6,10,3,0.0,8.925973125999917,100000,0
IPOP_CMAES,F6,10,4,0.0,9.10225553400005,100000,0
CMAES,F6,10,0,0.0,18.765856647999954,100000,0
CMAES,F6,10,1,0.0,19.028405067999984,100000,0
CMAES,F6,10,2,0.0,19.261480872999982,100000,0
CMAES,F6,10,3,0.0,18.72764224499997,100000,0
CMAES,F6,10,4,0.0,18.870596779999914,100000,0
sepCMAES,F6,10,0,0.0,15.617175440999972,100000,0
sepCMAES,F6,10,1,0.0,15.858905963000097,100000,0
sepCMAES,F6,10,2,0.0,15.929930163000108,100000,0
sepCMAES,F6,10,3,0.0,15.39569303899998,100000,0
sepCMAES,F6,10,4,0.0,14.993744477000064,100000,0
TEMOA_V10,F7,10,0,16.11675903061098,7.199836650000179,100000,0
TEMOA_V10,F7,10,1,15.66625706200432,7.259607829000288,100000,0
TEMOA_V10,F7,10,2,22.95736104935338,7.4410795699996015,100000,0
TEMOA_V10,F7,10,3,16.280619646272726,7.4860619859996405,100000,0
TEMOA_V10,F7,10,4,13.12664761426015,7.14968260500018,100000,0
TEMOA_V11,F7,10,0,11.365261151083928,6.071101438999904,100000,0
TEMOA_V11,F7,10,1,11.692982382407536,6.1329718810002305,100000,0
TEMOA_V11,F7,10,2,12.471205366975369,5.91498822199992,100000,0
TEMOA_V11,F7,10,3,11.529121766745675,5.812246770000002,100000,0
TEMOA_V11,F7,10,4,12.348424845054524,6.014189233000252,100000,0
jSO,F7,10,0,11.69298238240765,3.8511049829999138,100000,0
jSO,F7,10,1,11.529121766745789,4.029130506000001,100000,0
jSO,F7,10,2,11.692983266033025,4.004480001000047,100000,0
jSO,F7,10,3,11.856842998069396,3.7577153130000625,100000,0
jSO,F7,10,4,12.471205366975369,3.8978640870000163,100000,0
LSHADE,F7,10,0,11.533604229407615,3.9114149070001076,100000,0
LSHADE,F7,10,1,11.860310703714958,3.9474766870002895,100000,0
LSHADE,F7,10,2,12.020798984925932,3.851586640000278,100000,0
LSHADE,F7,10,3,11.366049412533584,3.6726233079998565,100000,0
LSHADE,F7,10,4,11.530247344011968,3.777420565999819,100000,0
BIPOP_CMAES,F7,10,0,11.365261157743475,11.685175256000093,100000,0
BIPOP_CMAES,F7,10,1,11.529121766745789,13.14655373200003,100000,0
BIPOP_CMAES,F7,10,2,11.365261151083928,12.326255496000158,100000,0
BIPOP_CMAES,F7,10,3,11.20140053542218,11.842949967000095,100000,0
BIPOP_CMAES,F7,10,4,11.692982382407536,13.183863075999852,100000,0
IPOP_CMAES,F7,10,0,11.365261151084042,9.878582931999972,100000,0
IPOP_CMAES,F7,10,1,11.365261151083928,10.66275602099995,100000,0
IPOP_CMAES,F7,10,2,11.365261151083928,10.491520774000037,100000,0
IPOP_CMAES,F7,10,3,11.037539919760434,11.50648258000001,100000,0
IPOP_CMAES,F7,10,4,11.037539919760434,10.411509684000066,100000,0
CMAES,F7,10,0,17.55042216138304,19.137554190000174,100000,0
CMAES,F7,10,1,15.174675430381285,19.729532685999857,100000,0
CMAES,F7,10,2,15.789036560446107,18.750145872999838,100000,0
CMAES,F7,10,3,16.77220127789576,19.208606747999966,100000,0
CMAES,F7,10,4,14.888034077436487,18.741381691999777,100000,0
sepCMAES,F7,10,0,14.232591830151591,15.815446162999706,100000,0
sepCMAES,F7,10,1,16.1167592459733,16.09955207699977,100000,0
sepCMAES,F7,10,2,14.560313061475199,15.450954246000038,100000,0
sepCMAES,F7,10,3,14.068731214489844,16.469335598999805,100000,0
sepCMAES,F7,10,4,15.174675430381285,16.067200054000295,100000,0
TEMOA_V10,F8,10,0,26.0,11.568207050000183,100000,0
TEMOA_V10,F8,10,1,10.0,12.376785259999906,100000,0
TEMOA_V10,F8,10,2,22.0,12.278119521999997,100000,0
TEMOA_V10,F8,10,3,22.0,12.090884791000008,100000,0
TEMOA_V10,F8,10,4,28.0,12.041905122000117,100000,0
TEMOA_V11,F8,10,0,8.0,10.746610205000252,100000,0
TEMOA_V11,F8,10,1,8.0,10.755533108000236,100000,0
TEMOA_V11,F8,10,2,8.0,10.724565914999857,100000,0
TEMOA_V11,F8,10,3,6.0,11.077969928999664,100000,0
TEMOA_V11,F8,10,4,8.0,10.873133922999841,100000,0
jSO,F8,10,0,10.00005073212651,8.651694318999944,100000,0
jSO,F8,10,1,6.0,8.893272907999744,100000,0
jSO,F8,10,2,6.000007323639693,8.964467580000019,100000,0
jSO,F8,10,3,6.0,8.93693667000025,100000,0
jSO,F8,10,4,4.0,9.3069480260001,100000,0
LSHADE,F8,10,0,6.000316667015909,9.397759943999972,100000,0
LSHADE,F8,10,1,10.000160016229074,9.052975228000378,100000,0
LSHADE,F8,10,2,10.000015934277144,8.818782806999934,100000,0
LSHADE,F8,10,3,8.000363152518958,9.038394978999804,100000,0
LSHADE,F8,10,4,8.000437282581288,8.816539121000005,100000,0
BIPOP_CMAES,F8,10,0,10.0,17.90245546699998,100000,0
BIPOP_CMAES,F8,10,1,14.565787488941169,17.889734885000053,100000,0
BIPOP_CMAES,F8,10,2,6.0,18.415737180999713,100000,0
BIPOP_CMAES,F8,10,3,10.000000000000114,18.129950178999934,100000,0
BIPOP_CMAES,F8,10,4,10.003955139051868,17.73601894400008,100000,0
IPOP_CMAES,F8,10,0,8.0,16.278519270000288,100000,0
IPOP_CMAES,F8,10,1,14.0,16.04871750700022,100000,0
IPOP_CMAES,F8,10,2,10.0,15.778181958000005,100000,0
IPOP_CMAES,F8,10,3,10.0,16.32538526999997,100000,0
IPOP_CMAES,F8,10,4,6.0,16.328261970999847,100000,0
CMAES,F8,10,0,20.0,25.083174108000094,100000,0
CMAES,F8,10,1,18.0,25.87032167999996,100000,0
CMAES,F8,10,2,14.0,25.272549844999958,100000,0
CMAES,F8,10,3,16.0,25.670626099999936,100000,0
CMAES,F8,10,4,10.0,24.876091821000045,100000,0
sepCMAES,F8,10,0,14.0,21.56205283099962,100000,0
sepCMAES,F8,10,1,18.000000000000114,21.11919219900028,100000,0
sepCMAES,F8,10,2,16.0,21.790143599000203,100000,0
sepCMAES,F8,10,3,6.0,22.002790889999687,100000,0
sepCMAES,F8,10,4,18.000000000000114,21.69546988000002,100000,0
TEMOA_V10,F9,10,0,0.0,7.001133774000209,100000,0
TEMOA_V10,F9,10,1,0.0,7.061238365000008,100000,0
TEMOA_V10,F9,10,2,0.0,7.093021270000008,100000,0
TEMOA_V10,F9,10,3,0.0,6.932815191999907,100000,0
TEMOA_V10,F9,10,4,0.0,7.004615710000053,100000,0
TEMOA_V11,F9,10,0,0.0,5.395417561999693,100000,0
TEMOA_V11,F9,10,1,0.0,5.325826445000075,100000,0
TEMOA_V11,F9,10,2,0.0,5.580801925000287,100000,0
TEMOA_V11,F9,10,3,0.0,5.477744520000215,100000,0
TEMOA_V11,F9,10,4,0.0,5.214574530999926,100000,0
jSO,F9,10,0,0.0,3.4445379039998443,100000,0
jSO,F9,10,1,0.0,3.5086132180003915,100000,0
jSO,F9,10,2,0.0,3.7242686409999806,100000,0
jSO,F9,10,3,0.0,3.5393516580002142,100000,0
jSO,F9,10,4,0.0,3.88552607299971,100000,0
LSHADE,F9,10,0,0.0,3.6483938330002275,100000,0
LSHADE,F9,10,1,0.0,3.3610163840003224,100000,0
LSHADE,F9,10,2,0.0,3.4916712539998116,100000,0
LSHADE,F9,10,3,0.0,3.557021705000352,100000,0
LSHADE,F9,10,4,0.0,3.5728805519997877,100000,0
BIPOP_CMAES,F9,10,0,0.0,11.624413690999972,100000,0
BIPOP_CMAES,F9,10,1,0.0,12.197313719000249,100000,0
BIPOP_CMAES,F9,10,2,0.0,10.630652131999796,100000,0
BIPOP_CMAES,F9,10,3,0.0,11.67927082199958,100000,0
BIPOP_CMAES,F9,10,4,0.0,11.014635240000189,100000,0
IPOP_CMAES,F9,10,0,0.0,9.571665069000119,100000,0
IPOP_CMAES,F9,10,1,0.0,9.871594968999943,100000,0
IPOP_CMAES,F9,10,2,0.0,9.287458187000084,100000,0
IPOP_CMAES,F9,10,3,0.0,9.665413953000098,100000,0
IPOP_CMAES,F9,10,4,0.0,9.719283962999725,100000,0
CMAES,F9,10,0,0.0,19.06043771299983,100000,0
CMAES,F9,10,1,0.0,19.132905334000043,100000,0
CMAES,F9,10,2,0.0,19.67688139100028,100000,0
CMAES,F9,10,3,0.0,20.043937672000084,100000,0
CMAES,F9,10,4,0.0,20.361784477999663,100000,0
sepCMAES,F9,10,0,0.0,16.795022883,100000,0
sepCMAES,F9,10,1,0.0,18.046313409999584,100000,0
sepCMAES,F9,10,2,0.0,17.17838183699996,100000,0
sepCMAES,F9,10,3,0.0,17.408825919000265,100000,0
sepCMAES,F9,10,4,0.0,15.796440032000191,100000,0
TEMOA_V10,F10,10,0,793.4563337991931,9.60860284499995,100000,0
TEMOA_V10,F10,10,1,668.8172469980204,10.177524422999795,100000,0
TEMOA_V10,F10,10,2,532.2002781165784,10.589183922999837,100000,0
TEMOA_V10,F10,10,3,335.89027621020523,9.840216924000288,100000,0
TEMOA_V10,F10,10,4,357.40259348319205,9.877474665000136,100000,0
TEMOA_V11,F10,10,0,6.8299213753844015,8.756475248000243,100000,0
TEMOA_V11,F10,10,1,122.10311306628546,9.118572634999964,100000,0
TEMOA_V11,F10,10,2,3.7272328928866045,8.221812885999952,100000,0
TEMOA_V11,F10,10,3,3.7896873339250305,8.574639128999934,100000,0
TEMOA_V11,F10,10,4,6.954830257462163,8.351535424999838,100000,0
jSO,F10,10,0,10.307336507067703,7.146850791999896,100000,0
jSO,F10,10,1,0.1873633231216445,6.957934072000171,100000,0
jSO,F10,10,2,0.7135966765026751,6.928147523999996,100000,0
jSO,F10,10,3,10.119973180999295,6.9659853010002735,100000,0
jSO,F10,10,4,15.244485866955074,6.797045356999661,100000,0
LSHADE,F10,10,0,12.175130035832808,7.197226478000175,100000,0
LSHADE,F10,10,1,3.645390627469169,6.942882436000218,100000,0
LSHADE,F10,10,2,10.349304821465921,6.786350728999878,100000,0
LSHADE,F10,10,3,3.7422209420547006,6.671998533000078,100000,0
LSHADE,F10,10,4,7.573589336561781,6.648652587000015,100000,0
BIPOP_CMAES,F10,10,0,18.596992113605666,15.783833592000065,100000,0
BIPOP_CMAES,F10,10,1,238.72277532540693,17.312027284000123,100000,0
BIPOP_CMAES,F10,10,2,66.31444783254028,17.091734347000056,100000,0
BIPOP_CMAES,F10,10,3,220.61708451930463,16.18087023499993,100000,0
BIPOP_CMAES,F10,10,4,35.55168687220885,16.83798273800039,100000,0
IPOP_CMAES,F10,10,0,36.82340090730577,14.508075264999661,100000,0
IPOP_CMAES,F10,10,1,13.659842750767893,14.547583305999979,100000,0
IPOP_CMAES,F10,10,2,29.32691364308539,14.702131327999723,100000,0
IPOP_CMAES,F10,10,3,0.37472664623328455,13.638914404999923,100000,0
IPOP_CMAES,F10,10,4,28.47129085677625,14.392341222000141,100000,0
CMAES,F10,10,0,163.82491940770706,24.014791693999996,100000,0
CMAES,F10,10,1,241.55100200340075,23.701142362000155,100000,0
CMAES,F10,10,2,483.8172082748947,23.92403694299992,100000,0
CMAES,F10,10,3,250.63382597565487,24.3049473140004,100000,0
CMAES,F10,10,4,167.956270145934,23.32955954099998,100000,0
sepCMAES,F10,10,0,10.307336504114573,19.810321315000238,100000,0
sepCMAES,F10,10,1,248.19356005566806,19.96572295900023,100000,0
sepCMAES,F10,10,2,40.171763827631366,20.31317851799986,100000,0
sepCMAES,F10,10,3,6.954830257462163,20.403588542000307,100000,0
sepCMAES,F10,10,4,10.244882063076147,19.970232846999806,100000,0
TEMOA_V10,F11,10,0,3.979831190554137,7.933479635999902,100000,0
TEMOA_V10,F11,10,1,15.640907023196974,8.068246328999976,100000,0
TEMOA_V10,F11,10,2,0.9949590570932969,8.40591099700032,100000,0
TEMOA_V10,F11,10,3,1.9899181141865938,7.656755281000187,100000,0
TEMOA_V10,F11,10,4,0.0,7.977251858999807,100000,0
TEMOA_V11,F11,10,0,0.0,6.478843104000134,100000,0
TEMOA_V11,F11,10,1,0.0,6.728946655999607,100000,0
TEMOA_V11,F11,10,2,0.0,6.699467249999998,100000,0
TEMOA_V11,F11,10,3,0.0,6.449748202000137,100000,0
TEMOA_V11,F11,10,4,0.0,6.6843437970001105,100000,0
jSO,F11,10,0,0.0,4.670484214000226,100000,0
jSO,F11,10,1,0.0,4.441567208999913,100000,0
jSO,F11,10,2,0.0,4.628050076999898,100000,0
jSO,F11,10,3,0.0,4.486218256000029,100000,0
jSO,F11,10,4,0.0,4.83460537899964,100000,0
LSHADE,F11,10,0,0.9197900415173308,5.02922840500014,100000,0
LSHADE,F11,10,1,0.0,4.795632188000127,100000,0
LSHADE,F11,10,2,0.0,4.787168588999975,100000,0
LSHADE,F11,10,3,0.9429118445558515,4.783435873000144,100000,0
LSHADE,F11,10,4,0.0,4.830405788000007,100000,0
BIPOP_CMAES,F11,10,0,0.0,14.39258607399961,100000,0
BIPOP_CMAES,F11,10,1,0.9949590570932969,14.68960325199987,100000,0
BIPOP_CMAES,F11,10,2,0.0,14.943262627999957,100000,0
BIPOP_CMAES,F11,10,3,0.0,14.251967921999949,100000,0
BIPOP_CMAES,F11,10,4,0.9949590570934106,14.913351068000338,100000,0
IPOP_CMAES,F11,10,0,0.0,12.966943049000292,100000,0
IPOP_CMAES,F11,10,1,0.0,12.644885370999873,100000,0
IPOP_CMAES,F11,10,2,0.9949590570932969,11.960342530000162,100000,0
IPOP_CMAES,F11,10,3,0.0,12.120841592000033,100000,0
IPOP_CMAES,F11,10,4,0.0,13.592298543000197,100000,0
CMAES,F11,10,0,1.9899181141865938,20.646085702000164,100000,0
CMAES,F11,10,1,0.9949590570932969,20.459114303000206,100000,0
CMAES,F11,10,2,1.9899181141865938,21.05396674900021,100000,0
CMAES,F11,10,3,0.9949590570932969,20.681278248000126,100000,0
CMAES,F11,10,4,0.9949590570932969,20.99698381600001,100000,0
sepCMAES,F11,10,0,4.059401604996083,18.24619366700017,100000,0
sepCMAES,F11,10,1,17680.127783764598,11.471587813000042,73551,0
sepCMAES,F11,10,2,63.22257560163848,18.131781951999983,100000,0
sepCMAES,F11,10,3,6.964797202843556,17.795283716000085,100000,0
sepCMAES,F11,10,4,95.41639130241924,16.576479801000005,100000,0
TEMOA_V10,F12,10,0,217.34781237521838,12.267386944000009,100000,0
TEMOA_V10,F12,10,1,0.2081429846455194,11.772842476999813,100000,0
TEMOA_V10,F12,10,2,217.34781237521838,12.338792474000002,100000,0
TEMOA_V10,F12,10,3,0.2081429846455194,12.052547438999682,100000,0
TEMOA_V10,F12,10,4,0.2081429846455194,11.721958610999991,100000,0
TEMOA_V11,F12,10,0,0.0,9.927902939999967,100000,0
TEMOA_V11,F12,10,1,109.88050492509774,11.49427917400044,100000,0
TEMOA_V11,F12,10,2,0.2081429846455194,10.803394116999698,100000,0
TEMOA_V11,F12,10,3,217.34781237521838,10.723491646999719,100000,0
TEMOA_V11,F12,10,4,0.0,10.416184779000105,100000,0
jSO,F12,10,0,0.0,8.25486999199984,100000,0
jSO,F12,10,1,0.2081429846455194,9.095968933999757,100000,0
jSO,F12,10,2,0.2081429846455194,8.476988014000199,100000,0
jSO,F12,10,3,0.2081429846455194,8.379968206000285,100000,0
jSO,F12,10,4,0.2081429846455194,8.426376665000134,100000,0
LSHADE,F12,10,0,0.2081429846455194,8.602764641999784,100000,0
LSHADE,F12,10,1,0.0,8.066945793999821,100000,0
LSHADE,F12,10,2,0.0,8.285461383999973,100000,0
LSHADE,F12,10,3,0.2081429846455194,8.64479455999981,100000,0
LSHADE,F12,10,4,0.2081429846455194,8.755075153000234,100000,0
BIPOP_CMAES,F12,10,0,0.20814298480627258,20.771603008000056,100000,0
BIPOP_CMAES,F12,10,1,0.20814298464574676,19.100075301999823,100000,0
BIPOP_CMAES,F12,10,2,0.20814298464574676,19.571779863999836,100000,0
BIPOP_CMAES,F12,10,3,239.3828317235375,21.575633433999883,100000,0
BIPOP_CMAES,F12,10,4,0.0,20.545155279000028,100000,0
IPOP_CMAES,F12,10,0,0.2081429846462015,17.270416300000306,100000,0
IPOP_CMAES,F12,10,1,0.20814298464597414,19.36914647599997,100000,0
IPOP_CMAES,F12,10,2,0.21015112732743546,19.6248134880002,100000,0
IPOP_CMAES,F12,10,3,174.7754566939111,18.014013860999967,100000,0
IPOP_CMAES,F12,10,4,0.0,19.145207906999985,100000,0
CMAES,F12,10,0,0.0,26.150330230000236,100000,0
CMAES,F12,10,1,109.88050492509865,26.640269159000127,100000,0
CMAES,F12,10,2,109.88050492509797,26.026962442999775,100000,0
CMAES,F12,10,3,217.1396693905731,25.6583198190001,100000,0
CMAES,F12,10,4,0.20814298464574676,26.534197997999854,100000,0
sepCMAES,F12,10,0,2246.686903202445,22.844523167999796,100000,0
sepCMAES,F12,10,1,1962.644905762094,21.1982948939999,100000,0
sepCMAES,F12,10,2,5882.6215146674895,21.986744268000166,100000,0
sepCMAES,F12,10,3,11775.71961032218,21.327116250000017,100000,0
sepCMAES,F12,10,4,11238.643660034662,22.008647372999803,100000,0
TEMOA_V10,F13,10,0,4.470147508772698,9.028781076999621,100000,0
TEMOA_V10,F13,10,1,4.280148561149645,9.08326219599985,100000,0
TEMOA_V10,F13,10,2,4.647137967971275,9.161888769000143,100000,0
TEMOA_V10,F13,10,3,4.647137967971275,9.299019428000065,100000,0
TEMOA_V10,F13,10,4,4.660146456395523,9.236902914999973,100000,0
TEMOA_V11,F13,10,0,4.090149613527501,7.462672186999953,100000,0
TEMOA_V11,F13,10,1,4.09052973290386,7.878350882000177,100000,0
TEMOA_V11,F13,10,2,4.090149613860831,7.835227311000381,100000,0
TEMOA_V11,F13,10,3,4.2802579396820875,9.390475483000046,100000,0
TEMOA_V11,F13,10,4,4.280148570944448,9.767082270000174,100000,0
jSO,F13,10,0,4.280148625427728,8.148932546000196,100000,0
jSO,F13,10,1,4.280162764393253,8.297375955000007,100000,0
jSO,F13,10,2,4.090149613528183,7.972133751000001,100000,0
jSO,F13,10,3,4.280185668682179,7.403453083999921,100000,0
jSO,F13,10,4,4.090149613526592,8.718656675000148,100000,0
LSHADE,F13,10,0,4.47014750877247,6.468217722999725,100000,0
LSHADE,F13,10,1,4.280148561149645,8.016774474000158,100000,0
LSHADE,F13,10,2,4.47014750877247,8.134198426999774,100000,0
LSHADE,F13,10,3,8.376085409739517,7.407133648000126,100000,0
LSHADE,F13,10,4,4.090149613526592,7.95815529399988,100000,0
BIPOP_CMAES,F13,10,0,4.280148561149645,21.03635446499993,100000,0
BIPOP_CMAES,F13,10,1,4.850145404018349,20.699698552999962,100000,0
BIPOP_CMAES,F13,10,2,4.280148561149645,21.38861315699978,100000,0
BIPOP_CMAES,F13,10,3,4.660146456395523,23.600648859999637,100000,0
BIPOP_CMAES,F13,10,4,4.090149613526592,20.728314656999828,100000,0
IPOP_CMAES,F13,10,0,1.9899181141865938,18.18533172000025,100000,0
IPOP_CMAES,F13,10,1,4.47014750877247,17.38765430300009,100000,0
IPOP_CMAES,F13,10,2,4.8371369155943285,18.555557302000125,100000,0
IPOP_CMAES,F13,10,3,4.090149613526592,19.867445177999798,100000,0
IPOP_CMAES,F13,10,4,4.280148561149645,18.529517567000312,100000,0
CMAES,F13,10,0,5.848550291834272,28.640274601999863,100000,0
CMAES,F13,10,1,5.96412206208629,29.941114668999944,100000,0
CMAES,F13,10,2,5.761114676860643,31.382422184999996,100000,0
CMAES,F13,10,3,8.19207533086501,27.485516736000136,100000,0
CMAES,F13,10,4,4.8371369155943285,28.623803485999815,100000,0
sepCMAES,F13,10,0,21.04879340089815,25.764030123999873,100000,0
sepCMAES,F13,10,1,11.418832310192101,23.320338900000024,100000,0
sepCMAES,F13,10,2,294.84810004654946,23.343040305999693,100000,0
sepCMAES,F13,10,3,96.11651104744897,22.734189786000115,100000,0
sepCMAES,F13,10,4,253.85052054763537,20.186937328000113,100000,0
TEMOA_V10,F14,10,0,19.956122371710308,12.329957411999658,100000,0
TEMOA_V10,F14,10,1,21.989917716823584,11.68299999699957,100000,0
TEMOA_V10,F14,10,2,19.91530361670266,13.513631870000154,100000,0
TEMOA_V10,F14,10,3,20.994931830134192,12.584431342999778,100000,0
TEMOA_V10,F14,10,4,20.988010279877017,12.093436784000005,100000,0
TEMOA_V11,F14,10,0,20.179958076344064,10.543969371999992,100000,0
TEMOA_V11,F14,10,1,0.0004912362228424172,11.192800326999986,100000,0
TEMOA_V11,F14,10,2,20.011312783284893,10.591496074000133,100000,0
TEMOA_V11,F14,10,3,0.00036187098294249154,9.795480897000289,100000,0
TEMOA_V11,F14,10,4,1.98991945739931,10.177990023000348,100000,0
jSO,F14,10,0,1.9899181142900488,8.1213290339997,100000,0
jSO,F14,10,1,21.380443954554494,8.793093463999867,100000,0
jSO,F14,10,2,0.9949595549569494,7.9242813259998,100000,0
jSO,F14,10,3,10.298687870518961,8.298571375999927,100000,0
jSO,F14,10,4,20.03907102680114,8.356082937999872,100000,0
LSHADE,F14,10,0,4.974790247647434,8.023988250000002,100000,0
LSHADE,F14,10,1,20.994841179319565,9.089415243000076,100000,0
LSHADE,F14,10,2,19.99998304535643,7.524959023000065,100000,0
LSHADE,F14,10,3,19.999478544951216,8.28996611399998,100000,0
LSHADE,F14,10,4,0.0,7.69560687000012,100000,0
BIPOP_CMAES,F14,10,0,19.99999040416901,20.251502548999724,100000,0
BIPOP_CMAES,F14,10,1,0.9949590571720819,20.636079849999987,100000,0
BIPOP_CMAES,F14,10,2,19.99999998630733,22.877194815000166,100000,0
BIPOP_CMAES,F14,10,3,0.9949590571084173,23.412143173000004,100000,0
BIPOP_CMAES,F14,10,4,20.001493347543374,19.57990388799999,100000,0
IPOP_CMAES,F14,10,0,19.999995237993744,17.748445864000132,100000,0
IPOP_CMAES,F14,10,1,1.2410043837007834e-06,15.099695841000084,100000,0
IPOP_CMAES,F14,10,2,19.99999999576289,20.23679395900035,100000,0
IPOP_CMAES,F14,10,3,19.999999990293645,20.228560504000143,100000,0
IPOP_CMAES,F14,10,4,0.0,21.342145600000094,100000,0
CMAES,F14,10,0,21.989147196028853,29.83773916600012,100000,0
CMAES,F14,10,1,5.969749305142614,30.78192777000004,100000,0
CMAES,F14,10,2,21.07996686956926,29.318264496999745,100000,0
CMAES,F14,10,3,19.97997517758745,29.99087534299997,100000,0
CMAES,F14,10,4,20.848375125607618,29.55669045400009,100000,0
sepCMAES,F14,10,0,1753.936743468203,26.881660597000064,100000,0
sepCMAES,F14,10,1,3506.5584009715667,26.48510300299995,100000,0
sepCMAES,F14,10,2,1532.8906513306629,26.919060139000067,100000,0
sepCMAES,F14,10,3,252.51043640316493,23.40565137500016,100000,0
sepCMAES,F14,10,4,61.89486840537779,22.136229445000026,100000,0
TEMOA_V10,F15,10,0,0.9972063183852242,11.385962589999963,100000,0
TEMOA_V10,F15,10,1,2.15408638505869,12.09648742499985,100000,0
TEMOA_V10,F15,10,2,2.36538407717876,12.090117473000191,100000,0
TEMOA_V10,F15,10,3,2.432586975083268,11.466556630000014,100000,0
TEMOA_V10,F15,10,4,1.083977835420228,11.206436852000024,100000,0
TEMOA_V11,F15,10,0,0.41559617239795443,10.432983177000096,100000,0
TEMOA_V11,F15,10,1,0.11211142126444429,9.465278001000115,100000,0
TEMOA_V11,F15,10,2,0.2274926980494456,9.547821661999933,100000,0
TEMOA_V11,F15,10,3,0.006942330629726712,10.221417186000053,100000,0
TEMOA_V11,F15,10,4,0.4479984050940402,9.761239337000006,100000,0
jSO,F15,10,0,0.029114464550502817,8.637054913999691,100000,0
jSO,F15,10,1,0.016469881937382524,7.20815742700006,100000,0
jSO,F15,10,2,0.4999979320434704,7.683926020999934,100000,0
jSO,F15,10,3,0.4997093094300453,7.127717110999583,100000,0
jSO,F15,10,4,0.041173910710767814,7.694827524000175,100000,0
LSHADE,F15,10,0,0.0042806743920209556,7.682683030000135,100000,0
LSHADE,F15,10,1,0.00864972755061899,7.944616993999716,100000,0
LSHADE,F15,10,2,0.002296297377142764,7.2913904010001716,100000,0
LSHADE,F15,10,3,0.01630081707298814,8.001191251999899,100000,0
LSHADE,F15,10,4,0.22548763201371003,7.347580326000298,100000,0
BIPOP_CMAES,F15,10,0,1.0330751632909596,26.014444568000272,100000,0
BIPOP_CMAES,F15,10,1,0.11429431112242128,26.77103796700021,100000,0
BIPOP_CMAES,F15,10,2,1.0084305254904393,25.614453105999928,100000,0
BIPOP_CMAES,F15,10,3,1.0053522805390003,21.41862378099995,100000,0
BIPOP_CMAES,F15,10,4,0.49999999997203304,26.01268468299986,100000,0
IPOP_CMAES,F15,10,0,0.43419982895011344,23.084782845000063,100000,0
IPOP_CMAES,F15,10,1,0.2670852436633595,22.616764008000246,100000,0
IPOP_CMAES,F15,10,2,0.5000000000004547,19.994043349000094,100000,0
IPOP_CMAES,F15,10,3,0.4992467867002688,20.449846683000032,100000,0
IPOP_CMAES,F15,10,4,0.5000000000002274,23.518388088999927,100000,0
CMAES,F15,10,0,1.1314181460675172,29.086964028999773,100000,0
CMAES,F15,10,1,1.0050892236422442,30.04665593999971,100000,0
CMAES,F15,10,2,3.2396836289258317,38.46868107099999,100000,0
CMAES,F15,10,3,2.6466002148024472,43.242009798000254,100000,0
CMAES,F15,10,4,1.0833576436041312,42.85996062999993,100000,0
sepCMAES,F15,10,0,586.1905233397642,36.30495148300042,100000,0
sepCMAES,F15,10,1,460.9225531942893,37.55731707899986,100000,0
sepCMAES,F15,10,2,1070.3700565161807,33.810714333000305,100000,0
sepCMAES,F15,10,3,629.5433577092379,34.198215308999806,100000,0
sepCMAES,F15,10,4,990.8815225993817,32.367818114999864,100000,0
TEMOA_V10,F16,10,0,0.22823533190398848,34.281183799000246,100000,0
TEMOA_V10,F16,10,1,0.15034959738454745,32.06035066499999,100000,0
TEMOA_V10,F16,10,2,0.671434037315521,33.230436845999975,100000,0
TEMOA_V10,F16,10,3,1.228582981165573,33.17988339500016,100000,0
TEMOA_V10,F16,10,4,1.0222375156308772,31.522817943000064,100000,0
TEMOA_V11,F16,10,0,0.7259694712195142,29.42132929699983,100000,0
TEMOA_V11,F16,10,1,0.2082987238225087,30.142439002000174,100000,0
TEMOA_V11,F16,10,2,232.54298660723998,29.516007283999897,100000,0
TEMOA_V11,F16,10,3,0.07346327827394816,27.97608501400009,100000,0
TEMOA_V11,F16,10,4,0.18973428089930167,28.788842237000154,100000,0
jSO,F16,10,0,0.025952556587526487,25.61100906899992,100000,0
jSO,F16,10,1,0.02180941842198081,25.527018040000257,100000,0
jSO,F16,10,2,0.2110779686108799,26.81502882399991,100000,0
jSO,F16,10,3,0.01965390710347492,25.96407318399997,100000,0
jSO,F16,10,4,0.23875492539218612,26.684368602000177,100000,0
LSHADE,F16,10,0,0.003147709932363796,25.73337677599966,100000,0
LSHADE,F16,10,1,0.5149296918389155,25.193547775999832,100000,0
LSHADE,F16,10,2,0.03745944912930099,25.79435211300006,100000,0
LSHADE,F16,10,3,0.4999627677632361,25.133037518000037,100000,0
LSHADE,F16,10,4,0.006729944324433745,25.92158118799989,100000,0
BIPOP_CMAES,F16,10,0,0.2714973414426822,49.069287126999825,100000,0
BIPOP_CMAES,F16,10,1,1.0549568435674246,56.065096735000225,100000,0
BIPOP_CMAES,F16,10,2,0.7265556499614831,51.82750040200017,100000,0
BIPOP_CMAES,F16,10,3,233.86657456887474,51.85597399299968,100000,0
BIPOP_CMAES,F16,10,4,0.5948561321413308,49.24639548999994,100000,0
IPOP_CMAES,F16,10,0,0.1090667075050078,50.092982483000014,100000,0
IPOP_CMAES,F16,10,1,404.26091600024984,52.719264772000315,100000,0
IPOP_CMAES,F16,10,2,1.2639569756559013,51.56075196099982,100000,0
IPOP_CMAES,F16,10,3,162.70177495731014,49.58230512599994,100000,0
IPOP_CMAES,F16,10,4,0.5129298413744436,47.23806970399983,100000,0
CMAES,F16,10,0,1.3127162321613923,62.08865620300003,100000,0
CMAES,F16,10,1,1.2331148631237738,62.19880889299975,100000,0
CMAES,F16,10,2,232.61501581893526,63.69452454300017,100000,0
CMAES,F16,10,3,232.89642149831548,64.23731058800013,100000,0
CMAES,F16,10,4,1.2759085679272175,63.86552700399989,100000,0
sepCMAES,F16,10,0,0.8563116167727003,53.03060805999985,100000,0
sepCMAES,F16,10,1,0.8051622168791255,55.717373424000016,100000,0
sepCMAES,F16,10,2,144.5745581168053,53.110044990000006,100000,0
sepCMAES,F16,10,3,0.7275220069448096,41.897519427000134,74511,0
sepCMAES,F16,10,4,10750.970474634225,33.48239527300029,59501,0
TEMOA_V10,F17,10,0,21.11933365243931,61.273262695000085,100000,0
TEMOA_V10,F17,10,1,21.044280763736424,58.28396825599975,100000,0
TEMOA_V10,F17,10,2,22.591662330252575,61.22143325199977,100000,0
TEMOA_V10,F17,10,3,23.160810684537182,59.85225617900005,100000,0
TEMOA_V10,F17,10,4,219.1395079711515,58.83629456200015,100000,0
TEMOA_V11,F17,10,0,20.352800646220658,55.75610192499971,100000,0
TEMOA_V11,F17,10,1,20.43938776119012,58.81633736599997,100000,0
TEMOA_V11,F17,10,2,20.124700433573935,56.993520507000085,100000,0
TEMOA_V11,F17,10,3,21.000608594986033,57.41478433099974,100000,0
TEMOA_V11,F17,10,4,20.141420616789674,56.07972921099963,100000,0
jSO,F17,10,0,20.982172851993028,53.58315574900007,100000,0
jSO,F17,10,1,20.27986349976686,53.70903873499992,100000,0
jSO,F17,10,2,20.53390989183663,52.01771703800023,100000,0
jSO,F17,10,3,22.63168971071832,52.50026885000034,100000,0
jSO,F17,10,4,2.985149622717927,49.122517288999916,100000,0
LSHADE,F17,10,0,14.957044353598349,53.824401109000064,100000,0
LSHADE,F17,10,1,5.3337041701754515,53.70691019700007,100000,0
LSHADE,F17,10,2,20.814337870937152,54.170595021999816,100000,0
LSHADE,F17,10,3,13.13677682158027,53.71519845199964,100000,0
LSHADE,F17,10,4,21.226289516732095,53.49591173399995,100000,0
BIPOP_CMAES,F17,10,0,22.956655606239337,77.87429299199994,100000,0
BIPOP_CMAES,F17,10,1,22.660965677382364,76.82082788399975,100000,0
BIPOP_CMAES,F17,10,2,25.290459860099645,75.02381892500034,100000,0
BIPOP_CMAES,F17,10,3,21.915814189404955,78.86474828400014,100000,0
BIPOP_CMAES,F17,10,4,25.269992869186126,48.99602623999999,100000,0
IPOP_CMAES,F17,10,0,24.999577068768303,47.80859565799983,100000,0
IPOP_CMAES,F17,10,1,21.52613970542052,48.946582712000236,100000,0
IPOP_CMAES,F17,10,2,27.542458560199748,47.65486349800085,100000,0
IPOP_CMAES,F17,10,3,28.115116879220068,38.56656811100038,100000,0
IPOP_CMAES,F17,10,4,22.986239693824928,37.85307709100016,100000,0
CMAES,F17,10,0,24.408135313907223,46.679680816000655,100000,0
CMAES,F17,10,1,25.694911301074626,46.20519189999959,100000,0
CMAES,F17,10,2,21.483071568225114,45.31202679100079,100000,0
CMAES,F17,10,3,20.128240753620048,44.80517458600025,100000,0
CMAES,F17,10,4,22.35491099757064,45.577147150999735,100000,0
sepCMAES,F17,10,0,450.6414326879735,42.71673167099925,100000,0
sepCMAES,F17,10,1,26.08957064800643,40.94479669099928,100000,0
sepCMAES,F17,10,2,46.87838848932233,40.914446518999284,100000,0
sepCMAES,F17,10,3,129.1454701660391,41.76374414899965,100000,0
sepCMAES,F17,10,4,315.5785589405516,42.139553600999534,100000,0
TEMOA_V10,F18,10,0,20.486571900788704,10.429378951000217,100000,0
TEMOA_V10,F18,10,1,20.242563896384354,10.632184838000285,100000,0
TEMOA_V10,F18,10,2,20.12584774287484,11.08117524499994,100000,0
TEMOA_V10,F18,10,3,20.34007042215876,10.901873006999267,100000,0
TEMOA_V10,F18,10,4,20.206705370589816,10.84504098799971,100000,0
TEMOA_V11,F18,10,0,20.25239176027594,9.405250430999331,100000,0
TEMOA_V11,F18,10,1,20.02408961945548,9.793510114999663,100000,0
TEMOA_V11,F18,10,2,0.11644398338171413,9.609447265000199,100000,0
TEMOA_V11,F18,10,3,20.000546319208297,9.6732866250004,100000,0
TEMOA_V11,F18,10,4,20.32894056634518,9.649937285000306,100000,0
jSO,F18,10,0,0.1580984970441932,8.211962164000397,100000,0
jSO,F18,10,1,0.009634573812945746,7.898416717000146,100000,0
jSO,F18,10,2,0.4774762108265804,7.847999892000189,100000,0
jSO,F18,10,3,0.0016076047165825003,7.171184916999664,100000,0
jSO,F18,10,4,0.3364831006829263,7.557500090999383,100000,0
LSHADE,F18,10,0,0.49999955615430736,7.64808177300074,100000,0
LSHADE,F18,10,1,0.00046173857072062674,7.487318244000562,100000,0
LSHADE,F18,10,2,0.49609860390432914,7.430529352000121,100000,0
LSHADE,F18,10,3,0.4965883746351665,7.226951416000702,100000,0
LSHADE,F18,10,4,0.3457512504587612,7.746623530999386,100000,0
BIPOP_CMAES,F18,10,0,20.314581056359202,22.089411621999716,100000,0
BIPOP_CMAES,F18,10,1,20.159728573974235,21.498394880999513,100000,0
BIPOP_CMAES,F18,10,2,20.35427238187799,20.233909618000325,100000,0
BIPOP_CMAES,F18,10,3,0.09122405084008278,21.006642455000474,100000,0
BIPOP_CMAES,F18,10,4,5.559101138194592,20.007248564999827,100000,0
IPOP_CMAES,F18,10,0,20.393204341446108,19.622006757000236,100000,0
IPOP_CMAES,F18,10,1,20.198077193608242,18.72916988199995,100000,0
IPOP_CMAES,F18,10,2,0.1435221598503631,19.133153183000104,100000,0
IPOP_CMAES,F18,10,3,15.761562488864683,19.174432318000072,100000,0
IPOP_CMAES,F18,10,4,20.160556560951818,19.552607073999752,100000,0
CMAES,F18,10,0,21.098616111027923,24.60764151100011,100000,0
CMAES,F18,10,1,20.053908621618575,25.237705626000206,100000,0
CMAES,F18,10,2,21.37510625429968,24.82117847200061,100000,0
CMAES,F18,10,3,19.997969725396388,24.80297584500022,100000,0
CMAES,F18,10,4,20.890725525934158,24.919932636999874,100000,0
sepCMAES,F18,10,0,3508.9945853944364,21.249043163999886,100000,0
sepCMAES,F18,10,1,4245.061277516939,20.155350923999322,100000,0
sepCMAES,F18,10,2,1068.426384243121,20.554492926999956,100000,0
sepCMAES,F18,10,3,2744.462849681491,20.405239495999922,100000,0
sepCMAES,F18,10,4,4238.955412121874,17.73378316199978,79951,0
TEMOA_V10,F19,10,0,1.017805844030363,21.844933858999866,100000,0
TEMOA_V10,F19,10,1,1.008898700158852,22.28811131400016,100000,0
TEMOA_V10,F19,10,2,0.5540269973587328,22.212465373999294,100000,0
TEMOA_V10,F19,10,3,0.40863802492322066,21.57914412900027,100000,0
TEMOA_V10,F19,10,4,1.017458526819155,21.317528087000028,100000,0
TEMOA_V11,F19,10,0,0.2923903395601428,20.237167528999635,100000,0
TEMOA_V11,F19,10,1,0.13946174201191752,20.17607797800065,100000,0
TEMOA_V11,F19,10,2,0.22104271759940275,20.31700678499965,100000,0
TEMOA_V11,F19,10,3,0.273604646349213,20.56191663000027,100000,0
TEMOA_V11,F19,10,4,0.5624832979635812,19.940635115000077,100000,0
jSO,F19,10,0,0.41104452604781727,18.517407565000212,100000,0
jSO,F19,10,1,0.1125379577467811,17.77954162900005,100000,0
jSO,F19,10,2,0.31730784466572004,17.820893148999858,100000,0
jSO,F19,10,3,0.34391686227581886,18.334558917999857,100000,0
jSO,F19,10,4,0.49738733456774753,17.895884192000267,100000,0
LSHADE,F19,10,0,0.324421974533152,17.712693636999575,100000,0
LSHADE,F19,10,1,0.42208997606917364,17.897940502999518,100000,0
LSHADE,F19,10,2,0.24600824815183842,18.960229371000423,100000,0
LSHADE,F19,10,3,0.32351449448265157,18.380653017999975,100000,0
LSHADE,F19,10,4,0.2820397654240878,17.864523491,100000,0
BIPOP_CMAES,F19,10,0,1.0001641922588078,30.378704724999807,100000,0
BIPOP_CMAES,F19,10,1,1.0486206627256252,31.299945601000218,100000,0
BIPOP_CMAES,F19,10,2,0.06875518001561431,31.37954987899957,100000,0
BIPOP_CMAES,F19,10,3,1.1204735889155018,31.666196905000106,100000,0
BIPOP_CMAES,F19,10,4,0.5771218108473022,32.52519678200042,100000,0
IPOP_CMAES,F19,10,0,0.9925853480301612,31.594910193000032,100000,0
IPOP_CMAES,F19,10,1,1.0774877048520466,32.713134974999775,100000,0
IPOP_CMAES,F19,10,2,1.1491202606916886,34.69715883400022,100000,0
IPOP_CMAES,F19,10,3,1.0191466061739902,44.17730679000033,100000,0
IPOP_CMAES,F19,10,4,1.1144948410478719,38.348794875999374,100000,0
CMAES,F19,10,0,1.9024382181755755,47.51498992500001,100000,0
CMAES,F19,10,1,1.1342268210469229,49.559982142999615,100000,0
CMAES,F19,10,2,0.9591390493485505,47.779316162000214,100000,0
CMAES,F19,10,3,1.7150336736563077,45.540103708999595,100000,0
CMAES,F19,10,4,1.9092397804624852,46.543809866999254,100000,0
sepCMAES,F19,10,0,425.93465266668863,42.16453086199999,100000,0
sepCMAES,F19,10,1,60.38774254945611,43.88106187899939,100000,0
sepCMAES,F19,10,2,3.618372649676985,43.39942582799995,100000,0
sepCMAES,F19,10,3,430.1225301312734,40.503781222000725,100000,0
sepCMAES,F19,10,4,1565.2380211378882,40.0342808409996,100000,0
TEMOA_V10,F20,10,0,2.5799275570752798,39.56112100700011,100000,0
TEMOA_V10,F20,10,1,0.0,38.778944003000106,100000,0
TEMOA_V10,F20,10,2,21.98551075978753,41.850366106000365,100000,0
TEMOA_V10,F20,10,3,8.95667033182849,39.83479481300037,100000,0
TEMOA_V10,F20,10,4,4.569845671216399,39.026608540999405,100000,0
TEMOA_V11,F20,10,0,0.8827893150617001,40.34585319799953,100000,0
TEMOA_V11,F20,10,1,0.6567641978385836,37.53370630699919,100000,0
TEMOA_V11,F20,10,2,0.49819441898603145,38.62429329799943,100000,0
TEMOA_V11,F20,10,3,0.3515290266577722,30.252160220000405,100000,0
TEMOA_V11,F20,10,4,0.009033544597059517,29.730123886,100000,0
jSO,F20,10,0,1.524449357034655,27.017340501000035,100000,0
jSO,F20,10,1,1.3582397754780686,27.07197218500005,100000,0
jSO,F20,10,2,1.6067230384931008,26.429785757999525,100000,0
jSO,F20,10,3,1.4881985559886743,27.083104291999916,100000,0
jSO,F20,10,4,1.9127439381293243,26.220344434999788,100000,0
LSHADE,F20,10,0,2.3967760998739323,27.07910179999999,100000,0
LSHADE,F20,10,1,2.1906513726487447,26.95979351099959,100000,0
LSHADE,F20,10,2,2.675580742400143,26.702914776999933,100000,0
LSHADE,F20,10,3,1.903153057365671,27.586393136999504,100000,0
LSHADE,F20,10,4,2.4450111264013685,27.465871422999953,100000,0
BIPOP_CMAES,F20,10,0,24.98802355010389,40.35092255299969,100000,0
BIPOP_CMAES,F20,10,1,20.99350881704936,38.9085710599993,100000,0
BIPOP_CMAES,F20,10,2,8.70848257200987,39.26100489599958,100000,0
BIPOP_CMAES,F20,10,3,20.99630573001832,38.13690238199979,100000,0
BIPOP_CMAES,F20,10,4,22.470739933247387,38.88604653099992,100000,0
IPOP_CMAES,F20,10,0,24.974836650045518,36.678754776999995,100000,0
IPOP_CMAES,F20,10,1,19.99667033429023,35.830921761000354,100000,0
IPOP_CMAES,F20,10,2,0.9956064370915101,38.697165640000094,100000,0
IPOP_CMAES,F20,10,3,23.55643126806399,38.38851763599996,100000,0
IPOP_CMAES,F20,10,4,20.995102850867397,38.541647906000435,100000,0
CMAES,F20,10,0,21.13014490456203,44.915848888000255,100000,0
CMAES,F20,10,1,22.04954987682936,44.655028872,100000,0
CMAES,F20,10,2,32.13143566799022,46.078628057999595,100000,0
CMAES,F20,10,3,29.01197916988326,45.399229680000644,100000,0
CMAES,F20,10,4,21.032914422721205,42.99639394899987,100000,0
sepCMAES,F20,10,0,3.2365553645940963,39.798690274000364,100000,0
sepCMAES,F20,10,1,26.038618703254087,41.50346798999999,100000,0
sepCMAES,F20,10,2,22.84554881686904,41.35986068599959,100000,0
sepCMAES,F20,10,3,30.545823008608522,41.28086141199947,100000,0
sepCMAES,F20,10,4,22.24797898947645,40.41109591799977,100000,0
TEMOA_V10,F21,10,0,100.0,13.360102452999854,100000,0
TEMOA_V10,F21,10,1,100.0,13.291973984999458,100000,0
TEMOA_V10,F21,10,2,100.0,13.449580989000424,100000,0
TEMOA_V10,F21,10,3,100.0,13.421051381000325,100000,0
TEMOA_V10,F21,10,4,100.0,13.511281994000456,100000,0
TEMOA_V11,F21,10,0,100.0,12.478056880000622,100000,0
TEMOA_V11,F21,10,1,100.0,12.21348819800005,100000,0
TEMOA_V11,F21,10,2,100.0,12.466213911000523,100000,0
TEMOA_V11,F21,10,3,100.0,11.963690023999334,100000,0
TEMOA_V11,F21,10,4,100.0,12.083474596999622,100000,0
jSO,F21,10,0,100.0,10.293645187000038,100000,0
jSO,F21,10,1,100.0,9.944660013999965,100000,0
jSO,F21,10,2,100.0,9.724457258999792,100000,0
jSO,F21,10,3,100.0,10.397829009999441,100000,0
jSO,F21,10,4,100.0,10.273510937000538,100000,0
LSHADE,F21,10,0,100.00000000000045,10.284646013999918,100000,0
LSHADE,F21,10,1,100.0,10.166691702000207,100000,0
LSHADE,F21,10,2,100.00000000000045,10.35377718000018,100000,0
LSHADE,F21,10,3,100.0,10.19877240400001,100000,0
LSHADE,F21,10,4,100.0,10.169357079999827,100000,0
BIPOP_CMAES,F21,10,0,100.00000000006867,19.33878872600053,100000,0
BIPOP_CMAES,F21,10,1,100.00000000007412,19.2857851079998,100000,0
BIPOP_CMAES,F21,10,2,100.0000000000723,19.285894642999665,100000,0
BIPOP_CMAES,F21,10,3,100.00000000008686,19.618010770000183,100000,0
BIPOP_CMAES,F21,10,4,100.0000000001155,19.090879442000187,100000,0
IPOP_CMAES,F21,10,0,100.00000000005002,17.58510748199933,100000,0
IPOP_CMAES,F21,10,1,100.00000000010232,17.740446257000258,100000,0
IPOP_CMAES,F21,10,2,100.00000000010732,17.05441101699944,100000,0
IPOP_CMAES,F21,10,3,100.00000000008231,17.37649867699929,100000,0
IPOP_CMAES,F21,10,4,100.0000000000432,18.0406214679997,100000,0
CMAES,F21,10,0,100.0000000001769,26.1806842040005,100000,0
CMAES,F21,10,1,100.00000000014734,25.55060277299981,100000,0
CMAES,F21,10,2,100.00000000016416,25.43243315900054,100000,0
CMAES,F21,10,3,100.00000000016325,26.12901234200035,100000,0
CMAES,F21,10,4,100.00000000017008,25.735365109999293,100000,0
sepCMAES,F21,10,0,100.00000000012142,21.867634702000032,100000,0
sepCMAES,F21,10,1,100.00000000012778,21.995373727999322,100000,0
sepCMAES,F21,10,2,100.00000000017235,22.404693367999243,100000,0
sepCMAES,F21,10,3,100.00000000014506,22.286702537000565,100000,0
sepCMAES,F21,10,4,100.00000000018872,22.141127640000377,100000,0
TEMOA_V10,F22,10,0,101.45959616899472,17.76322655599961,100000,0
TEMOA_V10,F22,10,1,100.0,17.474469076000787,100000,0
TEMOA_V10,F22,10,2,100.0,17.63238641099997,100000,0
TEMOA_V10,F22,10,3,100.0,17.459758343999965,100000,0
TEMOA_V10,F22,10,4,100.0,17.163674135000292,100000,0
TEMOA_V11,F22,10,0,100.0,15.981031104000067,100000,0
TEMOA_V11,F22,10,1,100.0,16.42761288499969,100000,0
TEMOA_V11,F22,10,2,100.0,16.511700758000188,100000,0
TEMOA_V11,F22,10,3,100.0,15.764248426999984,100000,0
TEMOA_V11,F22,10,4,100.0,16.172053934999894,100000,0
jSO,F22,10,0,100.00000000000045,13.877118522999808,100000,0
jSO,F22,10,1,100.0,14.022468746000413,100000,0
jSO,F22,10,2,100.0,13.777407913999923,100000,0
jSO,F22,10,3,100.0,14.24452922799992,100000,0
jSO,F22,10,4,100.0,14.080332395000369,100000,0
LSHADE,F22,10,0,100.0,14.0935896029996,100000,0
LSHADE,F22,10,1,100.00000000000045,13.981560506999813,100000,0
LSHADE,F22,10,2,100.00000000000045,14.542913150999993,100000,0
LSHADE,F22,10,3,100.00000000000045,14.082979767000325,100000,0
LSHADE,F22,10,4,100.0,14.470434545999524,100000,0
BIPOP_CMAES,F22,10,0,100.00000000000182,22.76878423800008,100000,0
BIPOP_CMAES,F22,10,1,100.00000000000136,22.912119590000657,100000,0
BIPOP_CMAES,F22,10,2,100.00000000000091,23.69574368800022,100000,0
BIPOP_CMAES,F22,10,3,100.00000000000091,23.49573170000076,100000,0
BIPOP_CMAES,F22,10,4,100.00000000000136,23.983833639000295,100000,0
IPOP_CMAES,F22,10,0,100.00000000000045,21.598399414000596,100000,0
IPOP_CMAES,F22,10,1,100.00000000000091,22.145476093999605,100000,0
IPOP_CMAES,F22,10,2,100.00000000000091,21.847597107000183,100000,0
IPOP_CMAES,F22,10,3,100.00000000000045,21.35151652499917,100000,0
IPOP_CMAES,F22,10,4,100.00000000000045,21.961639374999322,100000,0
CMAES,F22,10,0,100.00000000000273,30.50411336599973,100000,0
CMAES,F22,10,1,100.00000000000182,30.654905424999924,100000,0
CMAES,F22,10,2,100.00000000000227,30.545604544000525,100000,0
CMAES,F22,10,3,100.00000000000273,30.724274270000024,100000,0
CMAES,F22,10,4,100.00000000000227,29.721753187000104,100000,0
sepCMAES,F22,10,0,100.00000000000273,27.173801498000103,100000,0
sepCMAES,F22,10,1,100.00000000000182,27.227405579000333,100000,0
sepCMAES,F22,10,2,100.00000000000227,27.092356089000532,100000,0
sepCMAES,F22,10,3,100.00000000000227,27.043825705000017,100000,0
sepCMAES,F22,10,4,100.00000000000227,26.697685360999458,100000,0
TEMOA_V10,F23,10,0,100.0,19.713791425000636,100000,0
TEMOA_V10,F23,10,1,100.0,19.847694610999497,100000,0
TEMOA_V10,F23,10,2,200.0,20.092330488999323,100000,0
TEMOA_V10,F23,10,3,100.0,19.31507946400052,100000,0
TEMOA_V10,F23,10,4,200.0,19.770356055000775,100000,0
TEMOA_V11,F23,10,0,100.0,19.124131904999558,100000,0
TEMOA_V11,F23,10,1,100.0,18.563628892999986,100000,0
TEMOA_V11,F23,10,2,100.0,18.778318552999735,100000,0
TEMOA_V11,F23,10,3,100.0,18.484289145999355,100000,0
TEMOA_V11,F23,10,4,100.0,18.242813677999948,100000,0
jSO,F23,10,0,100.0,16.42912449799951,100000,0
jSO,F23,10,1,100.0,16.045722124999884,100000,0
jSO,F23,10,2,100.0,16.019789994000348,100000,0
jSO,F23,10,3,100.0,17.048326948999602,100000,0
jSO,F23,10,4,100.0,16.38662454900077,100000,0
LSHADE,F23,10,0,100.0,16.360425501000464,100000,0
LSHADE,F23,10,1,100.0,15.999622250000357,100000,0
LSHADE,F23,10,2,100.0,16.56167372999971,100000,0
LSHADE,F23,10,3,100.0,16.339686642000743,100000,0
LSHADE,F23,10,4,100.0,16.597606897999867,100000,0
BIPOP_CMAES,F23,10,0,100.00000000022283,25.388338011000087,100000,0
BIPOP_CMAES,F23,10,1,100.00000000017462,26.133138394000525,100000,0
BIPOP_CMAES,F23,10,2,100.00000000018781,26.83339825099938,100000,0
BIPOP_CMAES,F23,10,3,100.00000000013551,26.16801001499971,100000,0
BIPOP_CMAES,F23,10,4,100.00000000014961,25.593563088999872,100000,0
IPOP_CMAES,F23,10,0,100.00000000010914,24.10432852699978,100000,0
IPOP_CMAES,F23,10,1,100.00000000010641,24.652310762000525,100000,0
IPOP_CMAES,F23,10,2,100.00000000013415,24.519572340000195,100000,0
IPOP_CMAES,F23,10,3,100.00000000010596,24.34126975199979,100000,0
IPOP_CMAES,F23,10,4,100.00000000009823,24.878229639999518,100000,0
CMAES,F23,10,0,100.00000000023692,34.2146451640001,100000,0
CMAES,F23,10,1,100.00000000033015,33.0855827660007,100000,0
CMAES,F23,10,2,100.00000000021782,33.23402139400059,100000,0
CMAES,F23,10,3,100.00000000020691,32.89674958999967,100000,0
CMAES,F23,10,4,100.0000000002401,32.78900095500012,100000,0
sepCMAES,F23,10,0,100.00000000025602,29.69861117200071,100000,0
sepCMAES,F23,10,1,100.00000000022828,29.622966879999694,100000,0
sepCMAES,F23,10,2,100.00000000022783,29.9391921739998,100000,0
sepCMAES,F23,10,3,100.00000000031969,29.858746001000327,100000,0
sepCMAES,F23,10,4,100.0000000003406,29.328097816999616,100000,0
TEMOA_V10,F24,10,0,200.0,16.125894441999662,100000,0
TEMOA_V10,F24,10,1,200.0,16.309380343000157,100000,0
TEMOA_V10,F24,10,2,200.0,16.30294670300009,100000,0
TEMOA_V10,F24,10,3,200.0,16.18145265200019,100000,0
TEMOA_V10,F24,10,4,200.0,16.34110184400015,100000,0
TEMOA_V11,F24,10,0,200.0,14.133734064999771,100000,0
TEMOA_V11,F24,10,1,200.0,14.600118819999807,100000,0
TEMOA_V11,F24,10,2,200.0,14.89888636500018,100000,0
TEMOA_V11,F24,10,3,200.0,14.534558628000013,100000,0
TEMOA_V11,F24,10,4,200.0,14.215974744999585,100000,0
jSO,F24,10,0,200.0,12.748398341000211,100000,0
jSO,F24,10,1,200.0,12.443838976000734,100000,0
jSO,F24,10,2,200.0,12.552394371000446,100000,0
jSO,F24,10,3,200.0,12.282028524000452,100000,0
jSO,F24,10,4,200.0,12.713954161999936,100000,0
LSHADE,F24,10,0,200.0,12.427216125000086,100000,0
LSHADE,F24,10,1,200.0,12.502732228999776,100000,0
LSHADE,F24,10,2,200.0,12.491492396000467,100000,0
LSHADE,F24,10,3,200.0,12.656647079999857,100000,0
LSHADE,F24,10,4,200.0,12.092178476999834,100000,0
BIPOP_CMAES,F24,10,0,100.0000000003879,22.050342634000117,100000,0
BIPOP_CMAES,F24,10,1,100.00000000080627,20.630316443000083,100000,0
BIPOP_CMAES,F24,10,2,100.0000004330841,21.168404787000327,100000,0
BIPOP_CMAES,F24,10,3,100.00000000040609,21.445869537999897,100000,0
BIPOP_CMAES,F24,10,4,100.00000000036607,21.2991935,100000,0
IPOP_CMAES,F24,10,0,200.00000000018008,19.318173355999534,100000,0
IPOP_CMAES,F24,10,1,200.00000000023329,19.423622203000377,100000,0
IPOP_CMAES,F24,10,2,200.00000000013688,19.08282072899965,100000,0
IPOP_CMAES,F24,10,3,200.00000000018963,19.479673743000603,100000,0
IPOP_CMAES,F24,10,4,200.00000000020736,20.04375160699965,100000,0
CMAES,F24,10,0,100.00000000070986,28.503193855999598,100000,0
CMAES,F24,10,1,100.00000000076125,27.991197905000263,100000,0
CMAES,F24,10,2,100.00000000061391,28.938449514999775,100000,0
CMAES,F24,10,3,200.0000000004402,28.84767857099996,100000,0
CMAES,F24,10,4,200.00000000044884,29.09603950300061,100000,0
sepCMAES,F24,10,0,100.00000000068258,25.753723320000063,100000,0
sepCMAES,F24,10,1,100.00000000116006,24.87084641199999,100000,0
sepCMAES,F24,10,2,100.00000000070668,25.612470442999438,100000,0
sepCMAES,F24,10,3,100.00000000070895,24.6710095239996,100000,0
sepCMAES,F24,10,4,200.00000000048203,25.56044834199929,100000,0
TEMOA_V10,F25,10,0,506.855635557597,18.486773008000455,100000,0
TEMOA_V10,F25,10,1,479.31138144348733,18.749880695000684,100000,0
TEMOA_V10,F25,10,2,479.49098561563824,18.216799673999958,100000,0
TEMOA_V10,F25,10,3,507.59910665894313,18.35436629600008,100000,0
TEMOA_V10,F25,10,4,476.1430085349584,18.547636733999752,100000,0
TEMOA_V11,F25,10,0,479.2565356581963,15.935818685999948,100000,0
TEMOA_V11,F25,10,1,475.7174244546168,16.49525002899918,100000,0
TEMOA_V11,F25,10,2,475.73921240573463,17.254911414999697,100000,0
TEMOA_V11,F25,10,3,475.7671616275643,17.258561069999814,100000,0
TEMOA_V11,F25,10,4,475.7066070917458,16.742079087000093,100000,0
jSO,F25,10,0,479.1683979183872,14.85309935100031,100000,0
jSO,F25,10,1,479.1683979183872,15.328152145999411,100000,0
jSO,F25,10,2,479.2632269347996,14.945540059999985,100000,0
jSO,F25,10,3,479.2228184390865,14.648756255999615,100000,0
jSO,F25,10,4,479.28049064179413,14.426417706000393,100000,0
LSHADE,F25,10,0,479.2203684207493,15.084488434999912,100000,0
LSHADE,F25,10,1,479.19550825594706,14.79911876299957,100000,0
LSHADE,F25,10,2,479.22625583383706,15.011947811999562,100000,0
LSHADE,F25,10,3,479.25757225904454,14.847779732000163,100000,0
LSHADE,F25,10,4,479.2352434090267,15.098847770000248,100000,0
BIPOP_CMAES,F25,10,0,475.63142204487303,24.221852063999904,100000,0
BIPOP_CMAES,F25,10,1,475.72098423663283,24.377764135999314,100000,0
BIPOP_CMAES,F25,10,2,475.75095575801515,24.926872987000024,100000,0
BIPOP_CMAES,F25,10,3,475.8395170919166,23.326987415000076,100000,0
BIPOP_CMAES,F25,10,4,475.8779188344829,24.295802214000105,100000,0
IPOP_CMAES,F25,10,0,479.3043108800266,22.035601090000455,100000,0
IPOP_CMAES,F25,10,1,476.9921676339627,23.16072372600047,100000,0
IPOP_CMAES,F25,10,2,475.6891064696915,22.427885298000547,100000,0
IPOP_CMAES,F25,10,3,475.7782895732362,23.412910725000074,100000,0
IPOP_CMAES,F25,10,4,476.9401550437842,21.09445578099985,100000,0
CMAES,F25,10,0,475.729876737068,31.853406342999733,100000,0
CMAES,F25,10,1,476.0497339597141,32.23830170600013,100000,0
CMAES,F25,10,2,476.0722009317692,31.019046123999942,100000,0
CMAES,F25,10,3,476.3927090894713,31.891330068999196,100000,0
CMAES,F25,10,4,476.1382963280439,31.712411099000747,100000,0
sepCMAES,F25,10,0,475.65264240645683,28.429883537999558,100000,0
sepCMAES,F25,10,1,475.70368339695415,27.348866328999975,100000,0
sepCMAES,F25,10,2,476.22572556105115,28.63623812900005,100000,0
sepCMAES,F25,10,3,475.6744874660326,28.567081827000038,100000,0
sepCMAES,F25,10,4,475.99613401932584,28.004225626000334,100000,0
TEMOA_V10,F26,10,0,474.8256021528905,37.89962488600031,100000,0
TEMOA_V10,F26,10,1,467.2704661875837,37.46309466299954,100000,0
TEMOA_V10,F26,10,2,0.0,36.68891069300025,100000,0
TEMOA_V10,F26,10,3,467.2704661875837,38.455326971999966,100000,0
TEMOA_V10,F26,10,4,0.0,37.14206224700047,100000,0
TEMOA_V11,F26,10,0,467.2704661875837,35.92921141400075,100000,0
TEMOA_V11,F26,10,1,467.2704661875837,35.2532921990005,100000,0
TEMOA_V11,F26,10,2,467.2704661875837,35.700915587000054,100000,0
TEMOA_V11,F26,10,3,467.2704661875837,35.47107131100074,100000,0
TEMOA_V11,F26,10,4,467.2704661875837,35.288805752999906,100000,0
jSO,F26,10,0,467.2704661875837,34.86551697200048,100000,0
jSO,F26,10,1,467.2704661875837,34.14392336199944,100000,0
jSO,F26,10,2,467.2704661875837,33.100532851000025,100000,0
jSO,F26,10,3,467.2704661875837,33.12362231099996,100000,0
jSO,F26,10,4,467.2704661875837,32.81584877599926,100000,0
LSHADE,F26,10,0,467.2704661875837,33.91193359800036,100000,0
LSHADE,F26,10,1,467.2704661875837,34.46031684299942,100000,0
LSHADE,F26,10,2,467.2704661875837,34.36474517999977,100000,0
LSHADE,F26,10,3,467.2704661875837,33.30187697200017,100000,0
LSHADE,F26,10,4,467.2704661875837,33.495690610000565,100000,0
BIPOP_CMAES,F26,10,0,457.592641575628,43.14165052200042,100000,0
BIPOP_CMAES,F26,10,1,457.5053177706495,44.29744038199988,100000,0
BIPOP_CMAES,F26,10,2,8.102824722300284e-08,45.33547686899965,100000,0
BIPOP_CMAES,F26,10,3,457.5053177694431,45.32987735899951,100000,0
BIPOP_CMAES,F26,10,4,456.4216187408724,43.90990182399946,100000,0
IPOP_CMAES,F26,10,0,467.2704661875837,43.18070155899932,100000,0
IPOP_CMAES,F26,10,1,467.2704661875837,44.59401100800005,100000,0
IPOP_CMAES,F26,10,2,457.59264157591497,43.906742940000186,100000,0
IPOP_CMAES,F26,10,3,456.4216187408724,41.49265899200054,100000,0
IPOP_CMAES,F26,10,4,458.53086210067977,41.29269321999982,100000,0
CMAES,F26,10,0,457.5053177695654,52.36851452399969,100000,0
CMAES,F26,10,1,457.4471522713693,52.26672605400017,100000,0
CMAES,F26,10,2,457.5053177707032,50.887428465000085,100000,0
CMAES,F26,10,3,457.5002286234926,51.24972007499946,100000,0
CMAES,F26,10,4,456.8464896106325,51.85546127199996,100000,0
sepCMAES,F26,10,0,457.50162975540707,47.9423883999998,100000,0
sepCMAES,F26,10,1,457.50656448088876,47.15078095199988,100000,0
sepCMAES,F26,10,2,456.6818925848097,49.26839810799993,100000,0
sepCMAES,F26,10,3,457.5927463062749,48.53434827199999,100000,0
sepCMAES,F26,10,4,457.53297371705276,48.22570854599962,100000,0
TEMOA_V10,F27,10,0,397.5658992479862,37.95521646799989,100000,0
TEMOA_V10,F27,10,1,391.2314562258957,37.84244229600063,100000,0
TEMOA_V10,F27,10,2,397.7554566444055,39.11744252599965,100000,0
TEMOA_V10,F27,10,3,397.7554566444055,39.47650975700071,100000,0
TEMOA_V10,F27,10,4,397.7554566444055,37.620950141999856,100000,0
TEMOA_V11,F27,10,0,390.51703257983445,36.68112846300028,100000,0
TEMOA_V11,F27,10,1,396.86762343202963,37.04768887499995,100000,0
TEMOA_V11,F27,10,2,397.96059935576795,37.19157480100057,100000,0
TEMOA_V11,F27,10,3,397.7554566444055,36.289452133999475,100000,0
TEMOA_V11,F27,10,4,390.51703257983445,36.356480857999486,100000,0
jSO,F27,10,0,390.51703257983445,34.530535255999894,100000,0
jSO,F27,10,1,390.51703257983445,34.9843191760001,100000,0
jSO,F27,10,2,390.51703257983445,35.10604059899924,100000,0
jSO,F27,10,3,389.51387350295863,34.36958216600033,100000,0
jSO,F27,10,4,389.51387350295863,35.47946665800009,100000,0
LSHADE,F27,10,0,390.51703257983445,34.33740751300047,100000,0
LSHADE,F27,10,1,390.51703257983445,33.57715652800016,100000,0
LSHADE,F27,10,2,389.5138735029591,35.23331474400038,100000,0
LSHADE,F27,10,3,390.51703257983445,33.57686640300017,100000,0
LSHADE,F27,10,4,389.51387350295863,34.73939454900028,100000,0
BIPOP_CMAES,F27,10,0,390.51703257983445,47.19948669899986,100000,0
BIPOP_CMAES,F27,10,1,394.58581218650534,45.67585415299982,100000,0
BIPOP_CMAES,F27,10,2,0.0015427857265422062,47.92182894999951,100000,0
BIPOP_CMAES,F27,10,3,394.58581218650534,47.202565908,100000,0
BIPOP_CMAES,F27,10,4,390.51703257983445,45.94208424699991,100000,0
IPOP_CMAES,F27,10,0,390.5173613274269,43.72381733999919,100000,0
IPOP_CMAES,F27,10,1,390.51703257983445,44.05841205700017,100000,0
IPOP_CMAES,F27,10,2,390.51703257983445,44.155314626999825,100000,0
IPOP_CMAES,F27,10,3,390.51703257983445,46.18424911300008,100000,0
IPOP_CMAES,F27,10,4,390.51703257983445,45.34525776300052,100000,0
CMAES,F27,10,0,394.58581218650534,54.16180578199965,100000,0
CMAES,F27,10,1,393.15557694053587,53.334723379000025,100000,0
CMAES,F27,10,2,395.5935186018114,52.811846198999774,100000,0
CMAES,F27,10,3,393.1555769405354,53.37199324500034,100000,0
CMAES,F27,10,4,394.39399926452825,55.176833561999956,100000,0
sepCMAES,F27,10,0,393.98289682635914,50.485405964000165,100000,0
sepCMAES,F27,10,1,392.5119750664885,48.63527217699993,100000,0
sepCMAES,F27,10,2,394.4371068796654,49.805455595999774,100000,0
sepCMAES,F27,10,3,393.4402327416228,48.85526987600042,100000,0
sepCMAES,F27,10,4,390.51703257983445,50.26277397499962,100000,0
TEMOA_V10,F28,10,0,0.0,34.92114428500008,100000,0
TEMOA_V10,F28,10,1,0.0,34.42911805899985,100000,0
TEMOA_V10,F28,10,2,0.0,34.757215122999696,100000,0
TEMOA_V10,F28,10,3,0.0,35.24340614799985,100000,0
TEMOA_V10,F28,10,4,0.0,34.00609789400005,100000,0
TEMOA_V11,F28,10,0,0.0,33.23990229699939,100000,0
TEMOA_V11,F28,10,1,0.0,32.56494466099957,100000,0
TEMOA_V11,F28,10,2,0.0,33.29471922300036,100000,0
TEMOA_V11,F28,10,3,0.0,32.3751265789997,100000,0
TEMOA_V11,F28,10,4,0.0,32.89317215399933,100000,0
jSO,F28,10,0,0.0,30.21025514199937,100000,0
jSO,F28,10,1,0.0,31.40829555399978,100000,0
jSO,F28,10,2,0.0,30.17032678800024,100000,0
jSO,F28,10,3,0.0,30.59063399200022,100000,0
jSO,F28,10,4,0.0,30.69608700000026,100000,0
LSHADE,F28,10,0,0.0,30.417993017999834,100000,0
LSHADE,F28,10,1,0.0,30.018154840000534,100000,0
LSHADE,F28,10,2,0.0,31.202379555000334,100000,0
LSHADE,F28,10,3,0.0,32.12052839199987,100000,0
LSHADE,F28,10,4,0.0,30.742819725000118,100000,0
BIPOP_CMAES,F28,10,0,0.0,40.389681550000205,100000,0
BIPOP_CMAES,F28,10,1,0.0,41.82676321500003,100000,0
BIPOP_CMAES,F28,10,2,0.0,41.464727737999965,100000,0
BIPOP_CMAES,F28,10,3,0.0,43.718187962999764,100000,0
BIPOP_CMAES,F28,10,4,0.0,40.50639476699962,100000,0
IPOP_CMAES,F28,10,0,0.0,38.133564570999624,100000,0
IPOP_CMAES,F28,10,1,0.0,38.91387138000027,100000,0
IPOP_CMAES,F28,10,2,0.0,38.29519053400054,100000,0
IPOP_CMAES,F28,10,3,0.0,38.65962389900051,100000,0
IPOP_CMAES,F28,10,4,0.0,39.04870806700001,100000,0
CMAES,F28,10,0,0.0,46.45248731800075,100000,0
CMAES,F28,10,1,0.0,48.450935010999274,100000,0
CMAES,F28,10,2,0.0,46.77896584100017,100000,0
CMAES,F28,10,3,0.0,48.10257360399919,100000,0
CMAES,F28,10,4,0.0,47.08920042099999,100000,0
sepCMAES,F28,10,0,0.0,44.2727083259997,100000,0
sepCMAES,F28,10,1,0.0,43.45829079899977,100000,0
sepCMAES,F28,10,2,0.0,44.15105464000044,100000,0
sepCMAES,F28,10,3,0.0,44.059652619999724,100000,0
sepCMAES,F28,10,4,0.0,43.98216210600003,100000,0
TEMOA_V10,F29,10,0,1022.966042743421,50.792365119999886,100000,0
TEMOA_V10,F29,10,1,1047.3814855808182,51.658872369000164,100000,0
TEMOA_V10,F29,10,2,1025.220909534742,50.59728735200042,100000,0
TEMOA_V10,F29,10,3,1045.3369266608133,51.911566855000274,100000,0
TEMOA_V10,F29,10,4,1040.5062342518959,51.65894335499979,100000,0
TEMOA_V11,F29,10,0,1041.6306319516498,49.53286304100038,100000,0
TEMOA_V11,F29,10,1,1031.4882202730914,50.2692225389992,100000,0
TEMOA_V11,F29,10,2,1045.7390076211668,49.976992519000305,100000,0
TEMOA_V11,F29,10,3,982.776490909393,49.78753280099954,100000,0
TEMOA_V11,F29,10,4,1040.919573231898,50.75557301800018,100000,0
jSO,F29,10,0,1044.693394044405,48.316576188,100000,0
jSO,F29,10,1,1044.5621496544227,46.747892720999516,100000,0
jSO,F29,10,2,1043.723234164685,48.33216188899951,100000,0
jSO,F29,10,3,980.7394953565899,47.26767771999948,100000,0
jSO,F29,10,4,1043.7711230464865,47.82490255999983,100000,0
LSHADE,F29,10,0,979.1299524290771,48.00730783000017,100000,0
LSHADE,F29,10,1,1056.8761417628493,47.01430466199963,100000,0
LSHADE,F29,10,2,979.4970594305382,46.85889322099956,100000,0
LSHADE,F29,10,3,978.9512027985174,47.470552636999855,100000,0
LSHADE,F29,10,4,1040.2089473980086,46.80343545600044,100000,0
BIPOP_CMAES,F29,10,0,1043.1409634887896,64.44678967100026,100000,0
BIPOP_CMAES,F29,10,1,1003.1309495626765,62.0526747670001,100000,0
BIPOP_CMAES,F29,10,2,1039.2591737413259,68.33270973199978,100000,0
BIPOP_CMAES,F29,10,3,989.3102032444567,63.10998388999997,100000,0
BIPOP_CMAES,F29,10,4,983.6921134920194,62.609319432999655,100000,0
IPOP_CMAES,F29,10,0,986.8137741959408,61.62368609999976,100000,0
IPOP_CMAES,F29,10,1,983.6126093565017,62.087937316000534,100000,0
IPOP_CMAES,F29,10,2,1036.2669173046506,61.449325212000076,100000,0
IPOP_CMAES,F29,10,3,1080.4631509155329,62.744777851000435,100000,0
IPOP_CMAES,F29,10,4,1146.6126524950587,66.10178617600013,100000,0
CMAES,F29,10,0,1078.5292004423318,69.08032569599982,100000,0
CMAES,F29,10,1,1004.7073239208362,68.24866457200005,100000,0
CMAES,F29,10,2,1049.1799881951065,67.1231683140004,100000,0
CMAES,F29,10,3,995.6196964704659,67.68764907100012,100000,0
CMAES,F29,10,4,1051.4900830223414,69.04372740799954,100000,0
sepCMAES,F29,10,0,1490.1866767092697,62.754654585000026,100000,0
sepCMAES,F29,10,1,1058.4927313327871,63.20398528900023,100000,0
sepCMAES,F29,10,2,1005.154667978617,64.06690426600017,100000,0
sepCMAES,F29,10,3,1529.9942911341677,62.94630850299927,100000,0
sepCMAES,F29,10,4,1883.4099841942389,62.830239784000696,100000,0
TEMOA_V10,F30,10,0,10415.449384166383,38.39967089399943,100000,0
TEMOA_V10,F30,10,1,3158.3037274229137,37.30350397199982,100000,0
TEMOA_V10,F30,10,2,1399.8624707740946,39.01180076900073,100000,0
TEMOA_V10,F30,10,3,1624.8517481984163,37.835035930999766,100000,0
TEMOA_V10,F30,10,4,1381.944170294797,37.10602520399971,100000,0
TEMOA_V11,F30,10,0,1377.4865971704667,35.95175693800047,100000,0
TEMOA_V11,F30,10,1,1377.2438885988386,34.84332903399991,100000,0
TEMOA_V11,F30,10,2,1377.4865971704658,35.287634149999576,100000,0
TEMOA_V11,F30,10,3,1377.2515386597815,35.486317744999724,100000,0
TEMOA_V11,F30,10,4,3158.118526221072,36.192298535999726,100000,0
jSO,F30,10,0,1377.2438885988386,33.56228141400061,100000,0
jSO,F30,10,1,1377.2438885988386,33.72099103899927,100000,0
jSO,F30,10,2,1377.2515386597806,33.265902099000414,100000,0
jSO,F30,10,3,1377.3036462405862,33.52529822900033,100000,0
jSO,F30,10,4,3158.294909802489,33.2560507470007,100000,0
LSHADE,F30,10,0,1377.2438885988395,32.84741766000025,100000,0
LSHADE,F30,10,1,3158.124151734797,33.070561348999945,100000,0
LSHADE,F30,10,2,3158.1185262210747,32.979670746999545,100000,0
LSHADE,F30,10,3,1377.2515386597815,32.933710561000225,100000,0
LSHADE,F30,10,4,1378.1076106241035,32.93830940499993,100000,0
BIPOP_CMAES,F30,10,0,1377.2888358646505,51.34066432600048,100000,0
BIPOP_CMAES,F30,10,1,1613.2964470931292,47.26021297600073,100000,0
BIPOP_CMAES,F30,10,2,1613.682393649895,48.47158610799943,100000,0
BIPOP_CMAES,F30,10,3,2536.990962492029,51.19406215300023,100000,0
BIPOP_CMAES,F30,10,4,1613.828385271022,48.5739038269985,100000,0
IPOP_CMAES,F30,10,0,1378.2570283250607,47.720816790000754,100000,0
IPOP_CMAES,F30,10,1,2526.601660289074,47.35219687400058,100000,0
IPOP_CMAES,F30,10,2,1772.8615952221944,47.338209003000884,100000,0
IPOP_CMAES,F30,10,3,1580.2635647617017,51.86524840399943,100000,0
IPOP_CMAES,F30,10,4,3175.104892050471,49.50409590900017,100000,0
CMAES,F30,10,0,1544.580638463337,53.52492932300083,100000,0
CMAES,F30,10,1,1572.481883980563,53.86771384200074,100000,0
CMAES,F30,10,2,1407.0100746345115,52.001934829000675,100000,0
CMAES,F30,10,3,1422.130405506643,51.75661630800096,100000,0
CMAES,F30,10,4,1391.5929271242512,52.947287962999326,100000,0
sepCMAES,F30,10,0,10760.552990780052,48.32590497700039,100000,0
sepCMAES,F30,10,1,15749.961349130688,34.57058155100094,73791,0
sepCMAES,F30,10,2,8373.359964392293,47.25024076899899,100000,0
sepCMAES,F30,10,3,20338.319770149446,47.008364364000954,100000,0
sepCMAES,F30,10,4,15192.856982933343,47.490682752000794,100000,0
